jittor_core.Var.abs,https://cg.cs.tsinghua.edu.cn/jittor/assets/docs/jittor.html#jittor_core.Var.abs
jittor.abs_,https://cg.cs.tsinghua.edu.cn/jittor/assets/docs/jittor.html#jittor.abs_
jittor_core.Var.acos,https://cg.cs.tsinghua.edu.cn/jittor/assets/docs/jittor.html#jittor_core.Var.acos
jittor_core.Var.acosh,https://cg.cs.tsinghua.edu.cn/jittor/assets/docs/jittor.html#jittor_core.Var.acosh
jittor.optim.AdamW,https://cg.cs.tsinghua.edu.cn/jittor/assets/docs/jittor.optim.html#jittor.optim.AdamW
jittor.optim.Adam,https://cg.cs.tsinghua.edu.cn/jittor/assets/docs/jittor.optim.html#jittor.optim.Adam
jittor.optim.Adan,https://cg.cs.tsinghua.edu.cn/jittor/assets/docs/jittor.optim.html#jittor.optim.Adan
jittor.nn.AdaptiveAvgPool2d,https://cg.cs.tsinghua.edu.cn/jittor/assets/docs/jittor.nn.html#jittor.nn.AdaptiveAvgPool2d
jittor.nn.AdaptiveAvgPool3d,https://cg.cs.tsinghua.edu.cn/jittor/assets/docs/jittor.nn.html#jittor.nn.AdaptiveAvgPool3d
id0,https://cg.cs.tsinghua.edu.cn/jittor/assets/docs/jittor.nn.html#id0
jittor.nn.AdaptiveMaxPool2d,https://cg.cs.tsinghua.edu.cn/jittor/assets/docs/jittor.nn.html#jittor.nn.AdaptiveMaxPool2d
jittor_core.Var.add,https://cg.cs.tsinghua.edu.cn/jittor/assets/docs/jittor.html#jittor_core.Var.add
jittor.add_,https://cg.cs.tsinghua.edu.cn/jittor/assets/docs/jittor.html#jittor.add_
jittor.transform.adjust_brightness,https://cg.cs.tsinghua.edu.cn/jittor/assets/docs/jittor.transform.html#jittor.transform.adjust_brightness
jittor.transform.adjust_contrast,https://cg.cs.tsinghua.edu.cn/jittor/assets/docs/jittor.transform.html#jittor.transform.adjust_contrast
jittor.transform.adjust_gamma,https://cg.cs.tsinghua.edu.cn/jittor/assets/docs/jittor.transform.html#jittor.transform.adjust_gamma
jittor.transform.adjust_hue,https://cg.cs.tsinghua.edu.cn/jittor/assets/docs/jittor.transform.html#jittor.transform.adjust_hue
jittor.transform.adjust_saturation,https://cg.cs.tsinghua.edu.cn/jittor/assets/docs/jittor.transform.html#jittor.transform.adjust_saturation
jittor.nn.affine_grid,https://cg.cs.tsinghua.edu.cn/jittor/assets/docs/jittor.nn.html#jittor.nn.affine_grid
jittor.nn.affine_grid_generator_4D,https://cg.cs.tsinghua.edu.cn/jittor/assets/docs/jittor.nn.html#jittor.nn.affine_grid_generator_4D
jittor.nn.affine_grid_generator_5D,https://cg.cs.tsinghua.edu.cn/jittor/assets/docs/jittor.nn.html#jittor.nn.affine_grid_generator_5D
jittor.models.alexnet,https://cg.cs.tsinghua.edu.cn/jittor/assets/docs/jittor.models.html#jittor.models.alexnet
jittor.models.AlexNet,https://cg.cs.tsinghua.edu.cn/jittor/assets/docs/jittor.models.html#jittor.models.AlexNet
jittor.misc.all,https://cg.cs.tsinghua.edu.cn/jittor/assets/docs/jittor.html#jittor.misc.all
jittor_core.Var.all_,https://cg.cs.tsinghua.edu.cn/jittor/assets/docs/jittor.html#jittor_core.Var.all_
jittor.misc.all_equal,https://cg.cs.tsinghua.edu.cn/jittor/assets/docs/jittor.html#jittor.misc.all_equal
jittor.misc.any,https://cg.cs.tsinghua.edu.cn/jittor/assets/docs/jittor.html#jittor.misc.any
jittor_core.Var.any_,https://cg.cs.tsinghua.edu.cn/jittor/assets/docs/jittor.html#jittor_core.Var.any_
jittor.misc.arange,https://cg.cs.tsinghua.edu.cn/jittor/assets/docs/jittor.html#jittor.misc.arange
jittor_core.Var.arccos,https://cg.cs.tsinghua.edu.cn/jittor/assets/docs/jittor.html#jittor_core.Var.arccos
jittor_core.Var.arcsin,https://cg.cs.tsinghua.edu.cn/jittor/assets/docs/jittor.html#jittor_core.Var.arcsin
jittor_core.Var.arcsinh,https://cg.cs.tsinghua.edu.cn/jittor/assets/docs/jittor.html#jittor_core.Var.arcsinh
jittor_core.Var.arctan,https://cg.cs.tsinghua.edu.cn/jittor/assets/docs/jittor.html#jittor_core.Var.arctan
jittor.misc.arctan2,https://cg.cs.tsinghua.edu.cn/jittor/assets/docs/jittor.html#jittor.misc.arctan2
jittor_core.Var.arctanh,https://cg.cs.tsinghua.edu.cn/jittor/assets/docs/jittor.html#jittor_core.Var.arctanh
jittor_core.Var.arg_reduce,https://cg.cs.tsinghua.edu.cn/jittor/assets/docs/jittor.html#jittor_core.Var.arg_reduce
jittor.argmax,https://cg.cs.tsinghua.edu.cn/jittor/assets/docs/jittor.html#jittor.argmax
jittor.contrib.argmax_pool,https://cg.cs.tsinghua.edu.cn/jittor/assets/docs/jittor.contrib.html#jittor.contrib.argmax_pool
jittor.argmin,https://cg.cs.tsinghua.edu.cn/jittor/assets/docs/jittor.html#jittor.argmin
jittor_core.Var.argsort,https://cg.cs.tsinghua.edu.cn/jittor/assets/docs/jittor.html#jittor_core.Var.argsort
jittor.array,https://cg.cs.tsinghua.edu.cn/jittor/assets/docs/jittor.html#jittor.array
jittor.array64,https://cg.cs.tsinghua.edu.cn/jittor/assets/docs/jittor.html#jittor.array64
jittor.einops.asnumpy,https://cg.cs.tsinghua.edu.cn/jittor/assets/docs/jittor.einops.html#jittor.einops.asnumpy
jittor_core.Var.assign,https://cg.cs.tsinghua.edu.cn/jittor/assets/docs/jittor.html#jittor_core.Var.assign
jittor.attrs,https://cg.cs.tsinghua.edu.cn/jittor/assets/docs/jittor.html#jittor.attrs
jittor.nn.avg_pool2d,https://cg.cs.tsinghua.edu.cn/jittor/assets/docs/jittor.nn.html#jittor.nn.avg_pool2d
jittor.nn.AvgPool2d,https://cg.cs.tsinghua.edu.cn/jittor/assets/docs/jittor.nn.html#jittor.nn.AvgPool2d
jittor.nn.AvgPool3d,https://cg.cs.tsinghua.edu.cn/jittor/assets/docs/jittor.nn.html#jittor.nn.AvgPool3d
jittor.optim.Optimizer.backward,https://cg.cs.tsinghua.edu.cn/jittor/assets/docs/jittor.optim.html#jittor.optim.Optimizer.backward
jittor.nn.backward,https://cg.cs.tsinghua.edu.cn/jittor/assets/docs/jittor.nn.html#jittor.nn.backward
jittor.nn.baddbmm,https://cg.cs.tsinghua.edu.cn/jittor/assets/docs/jittor.nn.html#jittor.nn.baddbmm
jittor.nn.batch_norm,https://cg.cs.tsinghua.edu.cn/jittor/assets/docs/jittor.nn.html#jittor.nn.batch_norm
jittor.nn.BatchNorm1d,https://cg.cs.tsinghua.edu.cn/jittor/assets/docs/jittor.nn.html#jittor.nn.BatchNorm1d
jittor.nn.BatchNorm2d,https://cg.cs.tsinghua.edu.cn/jittor/assets/docs/jittor.nn.html#jittor.nn.BatchNorm2d
jittor.nn.BatchNorm3d,https://cg.cs.tsinghua.edu.cn/jittor/assets/docs/jittor.nn.html#jittor.nn.BatchNorm3d
jittor.nn.BatchNorm,https://cg.cs.tsinghua.edu.cn/jittor/assets/docs/jittor.nn.html#jittor.nn.BatchNorm
jittor.dataset.BatchSampler,https://cg.cs.tsinghua.edu.cn/jittor/assets/docs/jittor.dataset.html#jittor.dataset.BatchSampler
jittor.nn.bce_loss,https://cg.cs.tsinghua.edu.cn/jittor/assets/docs/jittor.nn.html#jittor.nn.bce_loss
jittor.nn.BCELoss,https://cg.cs.tsinghua.edu.cn/jittor/assets/docs/jittor.nn.html#jittor.nn.BCELoss
jittor.nn.BCEWithLogitsLoss,https://cg.cs.tsinghua.edu.cn/jittor/assets/docs/jittor.nn.html#jittor.nn.BCEWithLogitsLoss
jittor.misc.bernoulli,https://cg.cs.tsinghua.edu.cn/jittor/assets/docs/jittor.html#jittor.misc.bernoulli
jittor.Module.bfloat16,https://cg.cs.tsinghua.edu.cn/jittor/assets/docs/jittor.html#jittor.Module.bfloat16
jittor_core.Var.bfloat16,https://cg.cs.tsinghua.edu.cn/jittor/assets/docs/jittor.html#jittor_core.Var.bfloat16
jittor.nn.bilinear,https://cg.cs.tsinghua.edu.cn/jittor/assets/docs/jittor.nn.html#jittor.nn.bilinear
jittor.nn.Bilinear,https://cg.cs.tsinghua.edu.cn/jittor/assets/docs/jittor.nn.html#jittor.nn.Bilinear
jittor_core.Var.binary,https://cg.cs.tsinghua.edu.cn/jittor/assets/docs/jittor.html#jittor_core.Var.binary
jittor.nn.binary_cross_entropy_with_logits,https://cg.cs.tsinghua.edu.cn/jittor/assets/docs/jittor.nn.html#jittor.nn.binary_cross_entropy_with_logits
jittor_core.Var.bitwise_and,https://cg.cs.tsinghua.edu.cn/jittor/assets/docs/jittor.html#jittor_core.Var.bitwise_and
jittor_core.Var.bitwise_not,https://cg.cs.tsinghua.edu.cn/jittor/assets/docs/jittor.html#jittor_core.Var.bitwise_not
jittor_core.Var.bitwise_or,https://cg.cs.tsinghua.edu.cn/jittor/assets/docs/jittor.html#jittor_core.Var.bitwise_or
jittor_core.Var.bitwise_xor,https://cg.cs.tsinghua.edu.cn/jittor/assets/docs/jittor.html#jittor_core.Var.bitwise_xor
jittor.nn.bmm,https://cg.cs.tsinghua.edu.cn/jittor/assets/docs/jittor.nn.html#jittor.nn.bmm
jittor.nn.bmm_transpose,https://cg.cs.tsinghua.edu.cn/jittor/assets/docs/jittor.nn.html#jittor.nn.bmm_transpose
jittor_core.Var.bool,https://cg.cs.tsinghua.edu.cn/jittor/assets/docs/jittor.html#jittor_core.Var.bool
jittor_core.Var.broadcast,https://cg.cs.tsinghua.edu.cn/jittor/assets/docs/jittor.html#jittor_core.Var.broadcast
jittor.init.calculate_gain,https://cg.cs.tsinghua.edu.cn/jittor/assets/docs/jittor.init.html#jittor.init.calculate_gain
jittor.init.calculate_std,https://cg.cs.tsinghua.edu.cn/jittor/assets/docs/jittor.init.html#jittor.init.calculate_std
jittor_core.Var.candidate,https://cg.cs.tsinghua.edu.cn/jittor/assets/docs/jittor.html#jittor_core.Var.candidate
jittor.distributions.Categorical,https://cg.cs.tsinghua.edu.cn/jittor/assets/docs/jittor.distributions.html#jittor.distributions.Categorical
jittor_core.Var.ceil,https://cg.cs.tsinghua.edu.cn/jittor/assets/docs/jittor.html#jittor_core.Var.ceil
jittor_core.Var.ceil_int,https://cg.cs.tsinghua.edu.cn/jittor/assets/docs/jittor.html#jittor_core.Var.ceil_int
jittor.transform.center_crop,https://cg.cs.tsinghua.edu.cn/jittor/assets/docs/jittor.transform.html#jittor.transform.center_crop
jittor.transform.CenterCrop,https://cg.cs.tsinghua.edu.cn/jittor/assets/docs/jittor.transform.html#jittor.transform.CenterCrop
jittor.loss3d.chamfer_loss,https://cg.cs.tsinghua.edu.cn/jittor/assets/docs/jittor.loss3d.html#jittor.loss3d.chamfer_loss
jittor.loss3d.ChamferLoss,https://cg.cs.tsinghua.edu.cn/jittor/assets/docs/jittor.loss3d.html#jittor.loss3d.ChamferLoss
jittor.contrib.check,https://cg.cs.tsinghua.edu.cn/jittor/assets/docs/jittor.contrib.html#jittor.contrib.check
jittor.Module.children,https://cg.cs.tsinghua.edu.cn/jittor/assets/docs/jittor.html#jittor.Module.children
jittor.linalg.cholesky,https://cg.cs.tsinghua.edu.cn/jittor/assets/docs/jittor.linalg.html#jittor.linalg.cholesky
jittor.misc.chunk,https://cg.cs.tsinghua.edu.cn/jittor/assets/docs/jittor.html#jittor.misc.chunk
jittor.dataset.CIFAR100,https://cg.cs.tsinghua.edu.cn/jittor/assets/docs/jittor.dataset.html#jittor.dataset.CIFAR100
jittor.dataset.CIFAR10,https://cg.cs.tsinghua.edu.cn/jittor/assets/docs/jittor.dataset.html#jittor.dataset.CIFAR10
jittor.clamp,https://cg.cs.tsinghua.edu.cn/jittor/assets/docs/jittor.html#jittor.clamp
jittor.clamp_,https://cg.cs.tsinghua.edu.cn/jittor/assets/docs/jittor.html#jittor.clamp_
jittor.clean,https://cg.cs.tsinghua.edu.cn/jittor/assets/docs/jittor.html#jittor.clean
jittor.nn.clip_coordinates,https://cg.cs.tsinghua.edu.cn/jittor/assets/docs/jittor.nn.html#jittor.nn.clip_coordinates
jittor.optim.Optimizer.clip_grad_norm,https://cg.cs.tsinghua.edu.cn/jittor/assets/docs/jittor.optim.html#jittor.optim.Optimizer.clip_grad_norm
jittor_core.Var.clone,https://cg.cs.tsinghua.edu.cn/jittor/assets/docs/jittor.html#jittor_core.Var.clone
jittor.dataset.Dataset.collate_batch,https://cg.cs.tsinghua.edu.cn/jittor/assets/docs/jittor.dataset.html#jittor.dataset.Dataset.collate_batch
jittor.dataset.VarDataset.collate_batch,https://cg.cs.tsinghua.edu.cn/jittor/assets/docs/jittor.dataset.html#jittor.dataset.VarDataset.collate_batch
jittor.transform.ColorJitter,https://cg.cs.tsinghua.edu.cn/jittor/assets/docs/jittor.transform.html#jittor.transform.ColorJitter
jittor.nn.ComplexNumber,https://cg.cs.tsinghua.edu.cn/jittor/assets/docs/jittor.nn.html#jittor.nn.ComplexNumber
jittor.transform.Compose,https://cg.cs.tsinghua.edu.cn/jittor/assets/docs/jittor.transform.html#jittor.transform.Compose
jittor.weightnorm.WeightNorm.compute_weight,https://cg.cs.tsinghua.edu.cn/jittor/assets/docs/jittor.weightnorm.html#jittor.weightnorm.WeightNorm.compute_weight
jittor.init.constant,https://cg.cs.tsinghua.edu.cn/jittor/assets/docs/jittor.init.html#jittor.init.constant
jittor.init.constant_,https://cg.cs.tsinghua.edu.cn/jittor/assets/docs/jittor.init.html#jittor.init.constant_
jittor.nn.ConstantPad2d,https://cg.cs.tsinghua.edu.cn/jittor/assets/docs/jittor.nn.html#jittor.nn.ConstantPad2d
jittor.misc.contiguous,https://cg.cs.tsinghua.edu.cn/jittor/assets/docs/jittor.html#jittor.misc.contiguous
jittor.nn.conv,https://cg.cs.tsinghua.edu.cn/jittor/assets/docs/jittor.nn.html#jittor.nn.conv
jittor.nn.Conv1d_sp,https://cg.cs.tsinghua.edu.cn/jittor/assets/docs/jittor.nn.html#jittor.nn.Conv1d_sp
jittor.nn.Conv1d,https://cg.cs.tsinghua.edu.cn/jittor/assets/docs/jittor.nn.html#jittor.nn.Conv1d
jittor.nn.Conv2d,https://cg.cs.tsinghua.edu.cn/jittor/assets/docs/jittor.nn.html#jittor.nn.Conv2d
jittor.nn.conv2d,https://cg.cs.tsinghua.edu.cn/jittor/assets/docs/jittor.nn.html#jittor.nn.conv2d
jittor.nn.conv3d,https://cg.cs.tsinghua.edu.cn/jittor/assets/docs/jittor.nn.html#jittor.nn.conv3d
jittor.nn.conv_transpose,https://cg.cs.tsinghua.edu.cn/jittor/assets/docs/jittor.nn.html#jittor.nn.conv_transpose
jittor.nn.conv_transpose2d,https://cg.cs.tsinghua.edu.cn/jittor/assets/docs/jittor.nn.html#jittor.nn.conv_transpose2d
jittor.nn.conv_transpose3d,https://cg.cs.tsinghua.edu.cn/jittor/assets/docs/jittor.nn.html#jittor.nn.conv_transpose3d
jittor.nn.ConvTranspose2d,https://cg.cs.tsinghua.edu.cn/jittor/assets/docs/jittor.nn.html#jittor.nn.ConvTranspose2d
jittor.nn.ConvTranspose3d,https://cg.cs.tsinghua.edu.cn/jittor/assets/docs/jittor.nn.html#jittor.nn.ConvTranspose3d
jittor.nn.ConvTranspose,https://cg.cs.tsinghua.edu.cn/jittor/assets/docs/jittor.nn.html#jittor.nn.ConvTranspose
jittor.nn.Conv,https://cg.cs.tsinghua.edu.cn/jittor/assets/docs/jittor.nn.html#jittor.nn.Conv
jittor_core.Var.copy,https://cg.cs.tsinghua.edu.cn/jittor/assets/docs/jittor.html#jittor_core.Var.copy
jittor_core.Var.cos,https://cg.cs.tsinghua.edu.cn/jittor/assets/docs/jittor.html#jittor_core.Var.cos
jittor_core.Var.cosh,https://cg.cs.tsinghua.edu.cn/jittor/assets/docs/jittor.html#jittor_core.Var.cosh
jittor.lr_scheduler.CosineAnnealingLR,https://cg.cs.tsinghua.edu.cn/jittor/assets/docs/jittor.optim.html#jittor.lr_scheduler.CosineAnnealingLR
jittor.misc.cpu,https://cg.cs.tsinghua.edu.cn/jittor/assets/docs/jittor.html#jittor.misc.cpu
jittor.transform.crop,https://cg.cs.tsinghua.edu.cn/jittor/assets/docs/jittor.transform.html#jittor.transform.crop
jittor.transform.crop_and_resize,https://cg.cs.tsinghua.edu.cn/jittor/assets/docs/jittor.transform.html#jittor.transform.crop_and_resize
jittor.transform.Crop,https://cg.cs.tsinghua.edu.cn/jittor/assets/docs/jittor.transform.html#jittor.transform.Crop
jittor.misc.cross,https://cg.cs.tsinghua.edu.cn/jittor/assets/docs/jittor.html#jittor.misc.cross
jittor.nn.cross_entropy_loss,https://cg.cs.tsinghua.edu.cn/jittor/assets/docs/jittor.nn.html#jittor.nn.cross_entropy_loss
jittor.nn.CrossEntropyLoss,https://cg.cs.tsinghua.edu.cn/jittor/assets/docs/jittor.nn.html#jittor.nn.CrossEntropyLoss
jittor.misc.ctc_loss,https://cg.cs.tsinghua.edu.cn/jittor/assets/docs/jittor.html#jittor.misc.ctc_loss
jittor.misc.CTCLoss,https://cg.cs.tsinghua.edu.cn/jittor/assets/docs/jittor.html#jittor.misc.CTCLoss
jittor.misc.cub_cumsum,https://cg.cs.tsinghua.edu.cn/jittor/assets/docs/jittor.html#jittor.misc.cub_cumsum
jittor.Module.cuda,https://cg.cs.tsinghua.edu.cn/jittor/assets/docs/jittor.html#jittor.Module.cuda
jittor.misc.cuda,https://cg.cs.tsinghua.edu.cn/jittor/assets/docs/jittor.html#jittor.misc.cuda
jittor.misc.cumprod,https://cg.cs.tsinghua.edu.cn/jittor/assets/docs/jittor.html#jittor.misc.cumprod
jittor.misc.cumsum,https://cg.cs.tsinghua.edu.cn/jittor/assets/docs/jittor.html#jittor.misc.cumsum
jittor.dataset.DataLoader,https://cg.cs.tsinghua.edu.cn/jittor/assets/docs/jittor.dataset.html#jittor.dataset.DataLoader
jittor.dataset.Dataset,https://cg.cs.tsinghua.edu.cn/jittor/assets/docs/jittor.dataset.html#jittor.dataset.Dataset
jittor_core.Var.debug_msg,https://cg.cs.tsinghua.edu.cn/jittor/assets/docs/jittor.html#jittor_core.Var.debug_msg
jittor.misc.deg2rad,https://cg.cs.tsinghua.edu.cn/jittor/assets/docs/jittor.html#jittor.misc.deg2rad
jittor.models.densenet121,https://cg.cs.tsinghua.edu.cn/jittor/assets/docs/jittor.models.html#jittor.models.densenet121
jittor.models.densenet161,https://cg.cs.tsinghua.edu.cn/jittor/assets/docs/jittor.models.html#jittor.models.densenet161
jittor.models.densenet169,https://cg.cs.tsinghua.edu.cn/jittor/assets/docs/jittor.models.html#jittor.models.densenet169
jittor.models.densenet201,https://cg.cs.tsinghua.edu.cn/jittor/assets/docs/jittor.models.html#jittor.models.densenet201
jittor.models.DenseNet,https://cg.cs.tsinghua.edu.cn/jittor/assets/docs/jittor.models.html#jittor.models.DenseNet
jittor.linalg.det,https://cg.cs.tsinghua.edu.cn/jittor/assets/docs/jittor.linalg.html#jittor.linalg.det
jittor.detach,https://cg.cs.tsinghua.edu.cn/jittor/assets/docs/jittor.html#jittor.detach
jittor_core.Var.detach,https://cg.cs.tsinghua.edu.cn/jittor/assets/docs/jittor.html#jittor_core.Var.detach
jittor_core.Var.detach_inplace,https://cg.cs.tsinghua.edu.cn/jittor/assets/docs/jittor.html#jittor_core.Var.detach_inplace
jittor.dfs_to_numpy,https://cg.cs.tsinghua.edu.cn/jittor/assets/docs/jittor.html#jittor.dfs_to_numpy
jittor.misc.diag,https://cg.cs.tsinghua.edu.cn/jittor/assets/docs/jittor.html#jittor.misc.diag
jittor_core.Var.dim,https://cg.cs.tsinghua.edu.cn/jittor/assets/docs/jittor.html#jittor_core.Var.dim
jittor.dirty_fix_pytorch_runtime_error,https://cg.cs.tsinghua.edu.cn/jittor/assets/docs/jittor.html#jittor.dirty_fix_pytorch_runtime_error
jittor.display_memory_info,https://cg.cs.tsinghua.edu.cn/jittor/assets/docs/jittor.html#jittor.display_memory_info
jittor_core.Var.div,https://cg.cs.tsinghua.edu.cn/jittor/assets/docs/jittor.html#jittor_core.Var.div
jittor_core.Var.divide,https://cg.cs.tsinghua.edu.cn/jittor/assets/docs/jittor.html#jittor_core.Var.divide
jittor_core.Var.double,https://cg.cs.tsinghua.edu.cn/jittor/assets/docs/jittor.html#jittor_core.Var.double
jittor.nn.dropout,https://cg.cs.tsinghua.edu.cn/jittor/assets/docs/jittor.nn.html#jittor.nn.dropout
jittor.nn.dropout2d,https://cg.cs.tsinghua.edu.cn/jittor/assets/docs/jittor.nn.html#jittor.nn.dropout2d
jittor.nn.Dropout2d,https://cg.cs.tsinghua.edu.cn/jittor/assets/docs/jittor.nn.html#jittor.nn.Dropout2d
jittor.nn.Dropout,https://cg.cs.tsinghua.edu.cn/jittor/assets/docs/jittor.nn.html#jittor.nn.Dropout
jittor.nn.droppath,https://cg.cs.tsinghua.edu.cn/jittor/assets/docs/jittor.nn.html#jittor.nn.droppath
jittor.nn.DropPath,https://cg.cs.tsinghua.edu.cn/jittor/assets/docs/jittor.nn.html#jittor.nn.DropPath
jittor.loss3d.earth_mover_distance,https://cg.cs.tsinghua.edu.cn/jittor/assets/docs/jittor.loss3d.html#jittor.loss3d.earth_mover_distance
jittor.loss3d.EarthMoverDistance,https://cg.cs.tsinghua.edu.cn/jittor/assets/docs/jittor.loss3d.html#jittor.loss3d.EarthMoverDistance
jittor.linalg.eigh,https://cg.cs.tsinghua.edu.cn/jittor/assets/docs/jittor.linalg.html#jittor.linalg.eigh
jittor.einops.EinopsError,https://cg.cs.tsinghua.edu.cn/jittor/assets/docs/jittor.einops.html#jittor.einops.EinopsError
jittor.linalg.einsum,https://cg.cs.tsinghua.edu.cn/jittor/assets/docs/jittor.linalg.html#jittor.linalg.einsum
jittor.nn.elu,https://cg.cs.tsinghua.edu.cn/jittor/assets/docs/jittor.nn.html#jittor.nn.elu
jittor.nn.ELU,https://cg.cs.tsinghua.edu.cn/jittor/assets/docs/jittor.nn.html#jittor.nn.ELU
jittor.nn.embedding,https://cg.cs.tsinghua.edu.cn/jittor/assets/docs/jittor.nn.html#jittor.nn.embedding
jittor.nn.Embedding,https://cg.cs.tsinghua.edu.cn/jittor/assets/docs/jittor.nn.html#jittor.nn.Embedding
jittor.empty,https://cg.cs.tsinghua.edu.cn/jittor/assets/docs/jittor.html#jittor.empty
jittor.enable_grad,https://cg.cs.tsinghua.edu.cn/jittor/assets/docs/jittor.html#jittor.enable_grad
jittor_core.Var.equal,https://cg.cs.tsinghua.edu.cn/jittor/assets/docs/jittor.html#jittor_core.Var.equal
jittor_core.Var.erf,https://cg.cs.tsinghua.edu.cn/jittor/assets/docs/jittor.html#jittor_core.Var.erf
jittor.erf_,https://cg.cs.tsinghua.edu.cn/jittor/assets/docs/jittor.html#jittor.erf_
jittor_core.Var.erfinv,https://cg.cs.tsinghua.edu.cn/jittor/assets/docs/jittor.html#jittor_core.Var.erfinv
jittor.erfinv_,https://cg.cs.tsinghua.edu.cn/jittor/assets/docs/jittor.html#jittor.erfinv_
jittor.Module.eval,https://cg.cs.tsinghua.edu.cn/jittor/assets/docs/jittor.html#jittor.Module.eval
jittor.ExitHooks,https://cg.cs.tsinghua.edu.cn/jittor/assets/docs/jittor.html#jittor.ExitHooks
jittor_core.Var.exp,https://cg.cs.tsinghua.edu.cn/jittor/assets/docs/jittor.html#jittor_core.Var.exp
jittor.misc.expand,https://cg.cs.tsinghua.edu.cn/jittor/assets/docs/jittor.html#jittor.misc.expand
jittor.lr_scheduler.ExponentialLR,https://cg.cs.tsinghua.edu.cn/jittor/assets/docs/jittor.optim.html#jittor.lr_scheduler.ExponentialLR
jittor.init.eye,https://cg.cs.tsinghua.edu.cn/jittor/assets/docs/jittor.init.html#jittor.init.eye
jittor.init.eye_,https://cg.cs.tsinghua.edu.cn/jittor/assets/docs/jittor.init.html#jittor.init.eye_
jittor.fetch,https://cg.cs.tsinghua.edu.cn/jittor/assets/docs/jittor.html#jittor.fetch
jittor.init.fill,https://cg.cs.tsinghua.edu.cn/jittor/assets/docs/jittor.init.html#jittor.init.fill
jittor.misc.finfo,https://cg.cs.tsinghua.edu.cn/jittor/assets/docs/jittor.html#jittor.misc.finfo
jittor.misc.Finfo,https://cg.cs.tsinghua.edu.cn/jittor/assets/docs/jittor.html#jittor.misc.Finfo
jittor.transform.FiveCrop,https://cg.cs.tsinghua.edu.cn/jittor/assets/docs/jittor.transform.html#jittor.transform.FiveCrop
jittor.flag_scope,https://cg.cs.tsinghua.edu.cn/jittor/assets/docs/jittor.html#jittor.flag_scope
jittor.flatten,https://cg.cs.tsinghua.edu.cn/jittor/assets/docs/jittor.html#jittor.flatten
jittor.nn.Flatten,https://cg.cs.tsinghua.edu.cn/jittor/assets/docs/jittor.nn.html#jittor.nn.Flatten
jittor.misc.flip,https://cg.cs.tsinghua.edu.cn/jittor/assets/docs/jittor.html#jittor.misc.flip
jittor_core.Var.float,https://cg.cs.tsinghua.edu.cn/jittor/assets/docs/jittor.html#jittor_core.Var.float
jittor.Module.float16,https://cg.cs.tsinghua.edu.cn/jittor/assets/docs/jittor.html#jittor.Module.float16
jittor_core.Var.float16,https://cg.cs.tsinghua.edu.cn/jittor/assets/docs/jittor.html#jittor_core.Var.float16
jittor.Module.float32,https://cg.cs.tsinghua.edu.cn/jittor/assets/docs/jittor.html#jittor.Module.float32
jittor_core.Var.float32,https://cg.cs.tsinghua.edu.cn/jittor/assets/docs/jittor.html#jittor_core.Var.float32
jittor.Module.float64,https://cg.cs.tsinghua.edu.cn/jittor/assets/docs/jittor.html#jittor.Module.float64
jittor_core.Var.float64,https://cg.cs.tsinghua.edu.cn/jittor/assets/docs/jittor.html#jittor_core.Var.float64
jittor.Module.float_auto,https://cg.cs.tsinghua.edu.cn/jittor/assets/docs/jittor.html#jittor.Module.float_auto
jittor.float_auto,https://cg.cs.tsinghua.edu.cn/jittor/assets/docs/jittor.html#jittor.float_auto
jittor_core.Var.floor,https://cg.cs.tsinghua.edu.cn/jittor/assets/docs/jittor.html#jittor_core.Var.floor
jittor_core.Var.floor_divide,https://cg.cs.tsinghua.edu.cn/jittor/assets/docs/jittor.html#jittor_core.Var.floor_divide
jittor_core.Var.floor_int,https://cg.cs.tsinghua.edu.cn/jittor/assets/docs/jittor.html#jittor_core.Var.floor_int
jittor.nn.fold,https://cg.cs.tsinghua.edu.cn/jittor/assets/docs/jittor.nn.html#jittor.nn.fold
jittor.format,https://cg.cs.tsinghua.edu.cn/jittor/assets/docs/jittor.html#jittor.format
jittor.nn.fp32_guard,https://cg.cs.tsinghua.edu.cn/jittor/assets/docs/jittor.nn.html#jittor.nn.fp32_guard
jittor.misc.from_torch,https://cg.cs.tsinghua.edu.cn/jittor/assets/docs/jittor.html#jittor.misc.from_torch
jittor.full,https://cg.cs.tsinghua.edu.cn/jittor/assets/docs/jittor.html#jittor.full
jittor.full_like,https://cg.cs.tsinghua.edu.cn/jittor/assets/docs/jittor.html#jittor.full_like
jittor.Function,https://cg.cs.tsinghua.edu.cn/jittor/assets/docs/jittor.html#jittor.Function
jittor_core.Var.fuse_transpose,https://cg.cs.tsinghua.edu.cn/jittor/assets/docs/jittor.html#jittor_core.Var.fuse_transpose
jittor.distributions.GammaDistribution,https://cg.cs.tsinghua.edu.cn/jittor/assets/docs/jittor.distributions.html#jittor.distributions.GammaDistribution
jittor.misc.gather,https://cg.cs.tsinghua.edu.cn/jittor/assets/docs/jittor.html#jittor.misc.gather
jittor.init.gauss,https://cg.cs.tsinghua.edu.cn/jittor/assets/docs/jittor.init.html#jittor.init.gauss
jittor.init.gauss_,https://cg.cs.tsinghua.edu.cn/jittor/assets/docs/jittor.init.html#jittor.init.gauss_
jittor.nn.gelu,https://cg.cs.tsinghua.edu.cn/jittor/assets/docs/jittor.nn.html#jittor.nn.gelu
jittor.distributions.Geometric,https://cg.cs.tsinghua.edu.cn/jittor/assets/docs/jittor.distributions.html#jittor.distributions.Geometric
jittor.nn.get_init_var_rand,https://cg.cs.tsinghua.edu.cn/jittor/assets/docs/jittor.nn.html#jittor.nn.get_init_var_rand
jittor.get_len,https://cg.cs.tsinghua.edu.cn/jittor/assets/docs/jittor.html#jittor.get_len
jittor.misc.get_max_memory_treemap,https://cg.cs.tsinghua.edu.cn/jittor/assets/docs/jittor.html#jittor.misc.get_max_memory_treemap
jittor.models.googlenet,https://cg.cs.tsinghua.edu.cn/jittor/assets/docs/jittor.models.html#jittor.models.googlenet
jittor.models.GoogLeNet,https://cg.cs.tsinghua.edu.cn/jittor/assets/docs/jittor.models.html#jittor.models.GoogLeNet
jittor.loss3d.EarthMoverDistance.grad,https://cg.cs.tsinghua.edu.cn/jittor/assets/docs/jittor.loss3d.html#jittor.loss3d.EarthMoverDistance.grad
jittor.grad,https://cg.cs.tsinghua.edu.cn/jittor/assets/docs/jittor.html#jittor.grad
jittor.transform.gray,https://cg.cs.tsinghua.edu.cn/jittor/assets/docs/jittor.transform.html#jittor.transform.gray
jittor.transform.Gray,https://cg.cs.tsinghua.edu.cn/jittor/assets/docs/jittor.transform.html#jittor.transform.Gray
jittor_core.Var.greater,https://cg.cs.tsinghua.edu.cn/jittor/assets/docs/jittor.html#jittor_core.Var.greater
jittor_core.Var.greater_equal,https://cg.cs.tsinghua.edu.cn/jittor/assets/docs/jittor.html#jittor_core.Var.greater_equal
jittor.nn.grid_sample,https://cg.cs.tsinghua.edu.cn/jittor/assets/docs/jittor.nn.html#jittor.nn.grid_sample
jittor.nn.grid_sample_v0,https://cg.cs.tsinghua.edu.cn/jittor/assets/docs/jittor.nn.html#jittor.nn.grid_sample_v0
jittor.nn.grid_sampler,https://cg.cs.tsinghua.edu.cn/jittor/assets/docs/jittor.nn.html#jittor.nn.grid_sampler
jittor.nn.grid_sampler_2d,https://cg.cs.tsinghua.edu.cn/jittor/assets/docs/jittor.nn.html#jittor.nn.grid_sampler_2d
jittor.nn.grid_sampler_3d,https://cg.cs.tsinghua.edu.cn/jittor/assets/docs/jittor.nn.html#jittor.nn.grid_sampler_3d
jittor.nn.grid_sampler_compute_source_index,https://cg.cs.tsinghua.edu.cn/jittor/assets/docs/jittor.nn.html#jittor.nn.grid_sampler_compute_source_index
jittor.nn.grid_sampler_unnormalize,https://cg.cs.tsinghua.edu.cn/jittor/assets/docs/jittor.nn.html#jittor.nn.grid_sampler_unnormalize
jittor.nn.group_norm,https://cg.cs.tsinghua.edu.cn/jittor/assets/docs/jittor.nn.html#jittor.nn.group_norm
jittor.nn.GroupNorm,https://cg.cs.tsinghua.edu.cn/jittor/assets/docs/jittor.nn.html#jittor.nn.GroupNorm
jittor.nn.GRUCell,https://cg.cs.tsinghua.edu.cn/jittor/assets/docs/jittor.nn.html#jittor.nn.GRUCell
jittor.nn.GRU,https://cg.cs.tsinghua.edu.cn/jittor/assets/docs/jittor.nn.html#jittor.nn.GRU
jittor_core.Var.half,https://cg.cs.tsinghua.edu.cn/jittor/assets/docs/jittor.html#jittor_core.Var.half
jittor.nn.hardtanh,https://cg.cs.tsinghua.edu.cn/jittor/assets/docs/jittor.nn.html#jittor.nn.hardtanh
jittor.transform.hflip,https://cg.cs.tsinghua.edu.cn/jittor/assets/docs/jittor.transform.html#jittor.transform.hflip
jittor.misc.histc,https://cg.cs.tsinghua.edu.cn/jittor/assets/docs/jittor.html#jittor.misc.histc
jittor.misc.hypot,https://cg.cs.tsinghua.edu.cn/jittor/assets/docs/jittor.html#jittor.misc.hypot
jittor.nn.identity,https://cg.cs.tsinghua.edu.cn/jittor/assets/docs/jittor.nn.html#jittor.nn.identity
jittor.nn.Identity,https://cg.cs.tsinghua.edu.cn/jittor/assets/docs/jittor.nn.html#jittor.nn.Identity
jittor.misc.iinfo,https://cg.cs.tsinghua.edu.cn/jittor/assets/docs/jittor.html#jittor.misc.iinfo
jittor.transform.image_normalize,https://cg.cs.tsinghua.edu.cn/jittor/assets/docs/jittor.transform.html#jittor.transform.image_normalize
jittor.dataset.ImageFolder,https://cg.cs.tsinghua.edu.cn/jittor/assets/docs/jittor.dataset.html#jittor.dataset.ImageFolder
jittor.transform.ImageNormalize,https://cg.cs.tsinghua.edu.cn/jittor/assets/docs/jittor.transform.html#jittor.transform.ImageNormalize
jittor.models.Inception3,https://cg.cs.tsinghua.edu.cn/jittor/assets/docs/jittor.models.html#jittor.models.Inception3
jittor.models.inception_v3,https://cg.cs.tsinghua.edu.cn/jittor/assets/docs/jittor.models.html#jittor.models.inception_v3
jittor_core.Var.index,https://cg.cs.tsinghua.edu.cn/jittor/assets/docs/jittor.html#jittor_core.Var.index
jittor.misc.index_add_,https://cg.cs.tsinghua.edu.cn/jittor/assets/docs/jittor.html#jittor.misc.index_add_
jittor.misc.index_fill_,https://cg.cs.tsinghua.edu.cn/jittor/assets/docs/jittor.html#jittor.misc.index_fill_
jittor.misc.index_select,https://cg.cs.tsinghua.edu.cn/jittor/assets/docs/jittor.html#jittor.misc.index_select
jittor_core.Var.index_var,https://cg.cs.tsinghua.edu.cn/jittor/assets/docs/jittor.html#jittor_core.Var.index_var
jittor.nn.instance_norm,https://cg.cs.tsinghua.edu.cn/jittor/assets/docs/jittor.nn.html#jittor.nn.instance_norm
jittor.nn.InstanceNorm1d,https://cg.cs.tsinghua.edu.cn/jittor/assets/docs/jittor.nn.html#jittor.nn.InstanceNorm1d
jittor.nn.InstanceNorm2d,https://cg.cs.tsinghua.edu.cn/jittor/assets/docs/jittor.nn.html#jittor.nn.InstanceNorm2d
jittor.nn.InstanceNorm3d,https://cg.cs.tsinghua.edu.cn/jittor/assets/docs/jittor.nn.html#jittor.nn.InstanceNorm3d
jittor.nn.InstanceNorm,https://cg.cs.tsinghua.edu.cn/jittor/assets/docs/jittor.nn.html#jittor.nn.InstanceNorm
jittor_core.Var.int,https://cg.cs.tsinghua.edu.cn/jittor/assets/docs/jittor.html#jittor_core.Var.int
jittor_core.Var.int16,https://cg.cs.tsinghua.edu.cn/jittor/assets/docs/jittor.html#jittor_core.Var.int16
jittor_core.Var.int32,https://cg.cs.tsinghua.edu.cn/jittor/assets/docs/jittor.html#jittor_core.Var.int32
jittor_core.Var.int64,https://cg.cs.tsinghua.edu.cn/jittor/assets/docs/jittor.html#jittor_core.Var.int64
jittor_core.Var.int8,https://cg.cs.tsinghua.edu.cn/jittor/assets/docs/jittor.html#jittor_core.Var.int8
jittor.nn.interpolate,https://cg.cs.tsinghua.edu.cn/jittor/assets/docs/jittor.nn.html#jittor.nn.interpolate
jittor.linalg.inv,https://cg.cs.tsinghua.edu.cn/jittor/assets/docs/jittor.linalg.html#jittor.linalg.inv
jittor.init.invariant_uniform,https://cg.cs.tsinghua.edu.cn/jittor/assets/docs/jittor.init.html#jittor.init.invariant_uniform
jittor.init.invariant_uniform_,https://cg.cs.tsinghua.edu.cn/jittor/assets/docs/jittor.init.html#jittor.init.invariant_uniform_
jittor_core.Var.is_stop_fuse,https://cg.cs.tsinghua.edu.cn/jittor/assets/docs/jittor.html#jittor_core.Var.is_stop_fuse
jittor_core.Var.is_stop_grad,https://cg.cs.tsinghua.edu.cn/jittor/assets/docs/jittor.html#jittor_core.Var.is_stop_grad
jittor.Module.is_training,https://cg.cs.tsinghua.edu.cn/jittor/assets/docs/jittor.html#jittor.Module.is_training
jittor.is_var,https://cg.cs.tsinghua.edu.cn/jittor/assets/docs/jittor.html#jittor.is_var
jittor.misc.isfinite,https://cg.cs.tsinghua.edu.cn/jittor/assets/docs/jittor.html#jittor.misc.isfinite
jittor.misc.isinf,https://cg.cs.tsinghua.edu.cn/jittor/assets/docs/jittor.html#jittor.misc.isinf
jittor.misc.isnan,https://cg.cs.tsinghua.edu.cn/jittor/assets/docs/jittor.html#jittor.misc.isnan
jittor.misc.isneginf,https://cg.cs.tsinghua.edu.cn/jittor/assets/docs/jittor.html#jittor.misc.isneginf
jittor.misc.isposinf,https://cg.cs.tsinghua.edu.cn/jittor/assets/docs/jittor.html#jittor.misc.isposinf
jittor_core.Var.item,https://cg.cs.tsinghua.edu.cn/jittor/assets/docs/jittor.html#jittor_core.Var.item
jittor.jittor_exit,https://cg.cs.tsinghua.edu.cn/jittor/assets/docs/jittor.html#jittor.jittor_exit
jittor.init.kaiming_normal_,https://cg.cs.tsinghua.edu.cn/jittor/assets/docs/jittor.init.html#jittor.init.kaiming_normal_
jittor.init.kaiming_uniform_,https://cg.cs.tsinghua.edu.cn/jittor/assets/docs/jittor.init.html#jittor.init.kaiming_uniform_
jittor.distributions.kl_divergence,https://cg.cs.tsinghua.edu.cn/jittor/assets/docs/jittor.distributions.html#jittor.distributions.kl_divergence
jittor.nn.KLDivLoss,https://cg.cs.tsinghua.edu.cn/jittor/assets/docs/jittor.nn.html#jittor.nn.KLDivLoss
jittor.misc.knn,https://cg.cs.tsinghua.edu.cn/jittor/assets/docs/jittor.html#jittor.misc.knn
jittor.misc.kthvalue,https://cg.cs.tsinghua.edu.cn/jittor/assets/docs/jittor.html#jittor.misc.kthvalue
jittor.nn.l1_loss,https://cg.cs.tsinghua.edu.cn/jittor/assets/docs/jittor.nn.html#jittor.nn.l1_loss
jittor.nn.L1Loss,https://cg.cs.tsinghua.edu.cn/jittor/assets/docs/jittor.nn.html#jittor.nn.L1Loss
jittor.optim.LambdaLR,https://cg.cs.tsinghua.edu.cn/jittor/assets/docs/jittor.optim.html#jittor.optim.LambdaLR
jittor.transform.Lambda,https://cg.cs.tsinghua.edu.cn/jittor/assets/docs/jittor.transform.html#jittor.transform.Lambda
jittor.nn.layer_norm,https://cg.cs.tsinghua.edu.cn/jittor/assets/docs/jittor.nn.html#jittor.nn.layer_norm
jittor.nn.LayerNorm1d,https://cg.cs.tsinghua.edu.cn/jittor/assets/docs/jittor.nn.html#jittor.nn.LayerNorm1d
jittor.nn.LayerNorm2d,https://cg.cs.tsinghua.edu.cn/jittor/assets/docs/jittor.nn.html#jittor.nn.LayerNorm2d
jittor.nn.LayerNorm3d,https://cg.cs.tsinghua.edu.cn/jittor/assets/docs/jittor.nn.html#jittor.nn.LayerNorm3d
jittor.nn.LayerNorm,https://cg.cs.tsinghua.edu.cn/jittor/assets/docs/jittor.nn.html#jittor.nn.LayerNorm
jittor.nn.leaky_relu,https://cg.cs.tsinghua.edu.cn/jittor/assets/docs/jittor.nn.html#jittor.nn.leaky_relu
jittor_core.Var.left_shift,https://cg.cs.tsinghua.edu.cn/jittor/assets/docs/jittor.html#jittor_core.Var.left_shift
jittor_core.Var.less,https://cg.cs.tsinghua.edu.cn/jittor/assets/docs/jittor.html#jittor_core.Var.less
jittor_core.Var.less_equal,https://cg.cs.tsinghua.edu.cn/jittor/assets/docs/jittor.html#jittor_core.Var.less_equal
jittor.nn.linear,https://cg.cs.tsinghua.edu.cn/jittor/assets/docs/jittor.nn.html#jittor.nn.linear
jittor.nn.Linear,https://cg.cs.tsinghua.edu.cn/jittor/assets/docs/jittor.nn.html#jittor.nn.Linear
jittor.misc.linspace,https://cg.cs.tsinghua.edu.cn/jittor/assets/docs/jittor.html#jittor.misc.linspace
jittor.nn.linspace_from_neg_one,https://cg.cs.tsinghua.edu.cn/jittor/assets/docs/jittor.nn.html#jittor.nn.linspace_from_neg_one
jittor.liveness_info,https://cg.cs.tsinghua.edu.cn/jittor/assets/docs/jittor.html#jittor.liveness_info
jittor.Module.load,https://cg.cs.tsinghua.edu.cn/jittor/assets/docs/jittor.html#jittor.Module.load
jittor.load,https://cg.cs.tsinghua.edu.cn/jittor/assets/docs/jittor.html#jittor.load
jittor.Module.load_parameters,https://cg.cs.tsinghua.edu.cn/jittor/assets/docs/jittor.html#jittor.Module.load_parameters
jittor.Module.load_state_dict,https://cg.cs.tsinghua.edu.cn/jittor/assets/docs/jittor.html#jittor.Module.load_state_dict
jittor.optim.Optimizer.load_state_dict,https://cg.cs.tsinghua.edu.cn/jittor/assets/docs/jittor.optim.html#jittor.optim.Optimizer.load_state_dict
jittor_core.Var.log,https://cg.cs.tsinghua.edu.cn/jittor/assets/docs/jittor.html#jittor_core.Var.log
jittor.misc.log2,https://cg.cs.tsinghua.edu.cn/jittor/assets/docs/jittor.html#jittor.misc.log2
jittor.log_capture_scope,https://cg.cs.tsinghua.edu.cn/jittor/assets/docs/jittor.html#jittor.log_capture_scope
jittor.nn.log_sigmoid,https://cg.cs.tsinghua.edu.cn/jittor/assets/docs/jittor.nn.html#jittor.nn.log_sigmoid
jittor.nn.log_softmax,https://cg.cs.tsinghua.edu.cn/jittor/assets/docs/jittor.nn.html#jittor.nn.log_softmax
jittor_core.Var.logical_and,https://cg.cs.tsinghua.edu.cn/jittor/assets/docs/jittor.html#jittor_core.Var.logical_and
jittor_core.Var.logical_not,https://cg.cs.tsinghua.edu.cn/jittor/assets/docs/jittor.html#jittor_core.Var.logical_not
jittor_core.Var.logical_or,https://cg.cs.tsinghua.edu.cn/jittor/assets/docs/jittor.html#jittor_core.Var.logical_or
jittor_core.Var.logical_xor,https://cg.cs.tsinghua.edu.cn/jittor/assets/docs/jittor.html#jittor_core.Var.logical_xor
jittor.nn.logsumexp,https://cg.cs.tsinghua.edu.cn/jittor/assets/docs/jittor.nn.html#jittor.nn.logsumexp
jittor_core.Var.long,https://cg.cs.tsinghua.edu.cn/jittor/assets/docs/jittor.html#jittor_core.Var.long
jittor.optim.LRScheduler,https://cg.cs.tsinghua.edu.cn/jittor/assets/docs/jittor.optim.html#jittor.optim.LRScheduler
jittor.nn.LSTMCell,https://cg.cs.tsinghua.edu.cn/jittor/assets/docs/jittor.nn.html#jittor.nn.LSTMCell
jittor.nn.LSTM,https://cg.cs.tsinghua.edu.cn/jittor/assets/docs/jittor.nn.html#jittor.nn.LSTM
jittor.nn.make_base_grid_4D,https://cg.cs.tsinghua.edu.cn/jittor/assets/docs/jittor.nn.html#jittor.nn.make_base_grid_4D
jittor.nn.make_base_grid_5D,https://cg.cs.tsinghua.edu.cn/jittor/assets/docs/jittor.nn.html#jittor.nn.make_base_grid_5D
jittor.misc.make_grid,https://cg.cs.tsinghua.edu.cn/jittor/assets/docs/jittor.html#jittor.misc.make_grid
jittor.make_module,https://cg.cs.tsinghua.edu.cn/jittor/assets/docs/jittor.html#jittor.make_module
jittor.masked_fill,https://cg.cs.tsinghua.edu.cn/jittor/assets/docs/jittor.html#jittor.masked_fill
jittor.nn.matmul,https://cg.cs.tsinghua.edu.cn/jittor/assets/docs/jittor.nn.html#jittor.nn.matmul
jittor.nn.matmul_transpose,https://cg.cs.tsinghua.edu.cn/jittor/assets/docs/jittor.nn.html#jittor.nn.matmul_transpose
jittor_core.Var.max,https://cg.cs.tsinghua.edu.cn/jittor/assets/docs/jittor.html#jittor_core.Var.max
jittor.nn.max_pool2d,https://cg.cs.tsinghua.edu.cn/jittor/assets/docs/jittor.nn.html#jittor.nn.max_pool2d
jittor.nn.max_pool3d,https://cg.cs.tsinghua.edu.cn/jittor/assets/docs/jittor.nn.html#jittor.nn.max_pool3d
jittor_core.Var.maximum,https://cg.cs.tsinghua.edu.cn/jittor/assets/docs/jittor.html#jittor_core.Var.maximum
jittor.nn.MaxPool2d,https://cg.cs.tsinghua.edu.cn/jittor/assets/docs/jittor.nn.html#jittor.nn.MaxPool2d
jittor.nn.MaxPool3d,https://cg.cs.tsinghua.edu.cn/jittor/assets/docs/jittor.nn.html#jittor.nn.MaxPool3d
jittor.nn.MaxUnpool2d,https://cg.cs.tsinghua.edu.cn/jittor/assets/docs/jittor.nn.html#jittor.nn.MaxUnpool2d
jittor.nn.MaxUnpool3d,https://cg.cs.tsinghua.edu.cn/jittor/assets/docs/jittor.nn.html#jittor.nn.MaxUnpool3d
jittor_core.Var.mean,https://cg.cs.tsinghua.edu.cn/jittor/assets/docs/jittor.html#jittor_core.Var.mean
jittor.misc.meshgrid,https://cg.cs.tsinghua.edu.cn/jittor/assets/docs/jittor.html#jittor.misc.meshgrid
jittor_core.Var.min,https://cg.cs.tsinghua.edu.cn/jittor/assets/docs/jittor.html#jittor_core.Var.min
jittor_core.Var.minimum,https://cg.cs.tsinghua.edu.cn/jittor/assets/docs/jittor.html#jittor_core.Var.minimum
jittor.nn.mish,https://cg.cs.tsinghua.edu.cn/jittor/assets/docs/jittor.nn.html#jittor.nn.mish
jittor.nn.Mish,https://cg.cs.tsinghua.edu.cn/jittor/assets/docs/jittor.nn.html#jittor.nn.Mish
jittor.models.mnasnet0_5,https://cg.cs.tsinghua.edu.cn/jittor/assets/docs/jittor.models.html#jittor.models.mnasnet0_5
jittor.models.mnasnet0_75,https://cg.cs.tsinghua.edu.cn/jittor/assets/docs/jittor.models.html#jittor.models.mnasnet0_75
jittor.models.mnasnet1_0,https://cg.cs.tsinghua.edu.cn/jittor/assets/docs/jittor.models.html#jittor.models.mnasnet1_0
jittor.models.mnasnet1_3,https://cg.cs.tsinghua.edu.cn/jittor/assets/docs/jittor.models.html#jittor.models.mnasnet1_3
jittor.models.MNASNet,https://cg.cs.tsinghua.edu.cn/jittor/assets/docs/jittor.models.html#jittor.models.MNASNet
jittor.dataset.MNIST,https://cg.cs.tsinghua.edu.cn/jittor/assets/docs/jittor.dataset.html#jittor.dataset.MNIST
jittor.models.mobilenet_v2,https://cg.cs.tsinghua.edu.cn/jittor/assets/docs/jittor.models.html#jittor.models.mobilenet_v2
jittor.models.MobileNetV2,https://cg.cs.tsinghua.edu.cn/jittor/assets/docs/jittor.models.html#jittor.models.MobileNetV2
jittor_core.Var.mod,https://cg.cs.tsinghua.edu.cn/jittor/assets/docs/jittor.html#jittor_core.Var.mod
jittor.nn.ModuleList,https://cg.cs.tsinghua.edu.cn/jittor/assets/docs/jittor.nn.html#jittor.nn.ModuleList
jittor.Module.modules,https://cg.cs.tsinghua.edu.cn/jittor/assets/docs/jittor.html#jittor.Module.modules
jittor.Module,https://cg.cs.tsinghua.edu.cn/jittor/assets/docs/jittor.html#jittor.Module
jittor.nn.mse_loss,https://cg.cs.tsinghua.edu.cn/jittor/assets/docs/jittor.nn.html#jittor.nn.mse_loss
jittor.nn.MSELoss,https://cg.cs.tsinghua.edu.cn/jittor/assets/docs/jittor.nn.html#jittor.nn.MSELoss
jittor_core.Var.mul,https://cg.cs.tsinghua.edu.cn/jittor/assets/docs/jittor.html#jittor_core.Var.mul
jittor.attention.MultiheadAttention,https://cg.cs.tsinghua.edu.cn/jittor/assets/docs/jittor.attention.html#jittor.attention.MultiheadAttention
jittor.misc.multinomial,https://cg.cs.tsinghua.edu.cn/jittor/assets/docs/jittor.html#jittor.misc.multinomial
jittor_core.Var.multiply,https://cg.cs.tsinghua.edu.cn/jittor/assets/docs/jittor.html#jittor_core.Var.multiply
jittor.multiply_,https://cg.cs.tsinghua.edu.cn/jittor/assets/docs/jittor.html#jittor.multiply_
jittor.lr_scheduler.MultiStepLR,https://cg.cs.tsinghua.edu.cn/jittor/assets/docs/jittor.optim.html#jittor.lr_scheduler.MultiStepLR
jittor_core.Var.name,https://cg.cs.tsinghua.edu.cn/jittor/assets/docs/jittor.html#jittor_core.Var.name
jittor.Module.named_modules,https://cg.cs.tsinghua.edu.cn/jittor/assets/docs/jittor.html#jittor.Module.named_modules
jittor.Module.named_parameters,https://cg.cs.tsinghua.edu.cn/jittor/assets/docs/jittor.html#jittor.Module.named_parameters
jittor.ne,https://cg.cs.tsinghua.edu.cn/jittor/assets/docs/jittor.html#jittor.ne
jittor.misc.ne,https://cg.cs.tsinghua.edu.cn/jittor/assets/docs/jittor.html#jittor.misc.ne
jittor_core.Var.ne,https://cg.cs.tsinghua.edu.cn/jittor/assets/docs/jittor.html#jittor_core.Var.ne
jittor_core.Var.negative,https://cg.cs.tsinghua.edu.cn/jittor/assets/docs/jittor.html#jittor_core.Var.negative
jittor.misc.new,https://cg.cs.tsinghua.edu.cn/jittor/assets/docs/jittor.html#jittor.misc.new
jittor.new_empty,https://cg.cs.tsinghua.edu.cn/jittor/assets/docs/jittor.html#jittor.new_empty
jittor.new_full,https://cg.cs.tsinghua.edu.cn/jittor/assets/docs/jittor.html#jittor.new_full
jittor.new_ones,https://cg.cs.tsinghua.edu.cn/jittor/assets/docs/jittor.html#jittor.new_ones
jittor.new_zeros,https://cg.cs.tsinghua.edu.cn/jittor/assets/docs/jittor.html#jittor.new_zeros
jittor.nn.nll_loss,https://cg.cs.tsinghua.edu.cn/jittor/assets/docs/jittor.nn.html#jittor.nn.nll_loss
jittor.misc.nms,https://cg.cs.tsinghua.edu.cn/jittor/assets/docs/jittor.html#jittor.misc.nms
jittor.no_grad,https://cg.cs.tsinghua.edu.cn/jittor/assets/docs/jittor.html#jittor.no_grad
jittor.misc.nonzero,https://cg.cs.tsinghua.edu.cn/jittor/assets/docs/jittor.html#jittor.misc.nonzero
jittor.norm,https://cg.cs.tsinghua.edu.cn/jittor/assets/docs/jittor.html#jittor.norm
jittor.normal,https://cg.cs.tsinghua.edu.cn/jittor/assets/docs/jittor.html#jittor.normal
jittor.misc.normalize,https://cg.cs.tsinghua.edu.cn/jittor/assets/docs/jittor.html#jittor.misc.normalize
jittor.distributions.Normal,https://cg.cs.tsinghua.edu.cn/jittor/assets/docs/jittor.distributions.html#jittor.distributions.Normal
jittor_core.Var.not_equal,https://cg.cs.tsinghua.edu.cn/jittor/assets/docs/jittor.html#jittor_core.Var.not_equal
jittor.dataset.VOC.NUM_CLASSES,https://cg.cs.tsinghua.edu.cn/jittor/assets/docs/jittor.dataset.html#jittor.dataset.VOC.NUM_CLASSES
jittor_core.Var.numpy,https://cg.cs.tsinghua.edu.cn/jittor/assets/docs/jittor.html#jittor_core.Var.numpy
jittor.misc.numpy_cumprod,https://cg.cs.tsinghua.edu.cn/jittor/assets/docs/jittor.html#jittor.misc.numpy_cumprod
jittor.misc.numpy_cumsum,https://cg.cs.tsinghua.edu.cn/jittor/assets/docs/jittor.html#jittor.misc.numpy_cumsum
jittor.init.one,https://cg.cs.tsinghua.edu.cn/jittor/assets/docs/jittor.init.html#jittor.init.one
jittor.init.one_,https://cg.cs.tsinghua.edu.cn/jittor/assets/docs/jittor.init.html#jittor.init.one_
jittor.nn.one_hot,https://cg.cs.tsinghua.edu.cn/jittor/assets/docs/jittor.nn.html#jittor.nn.one_hot
jittor.distributions.OneHotCategorical,https://cg.cs.tsinghua.edu.cn/jittor/assets/docs/jittor.distributions.html#jittor.distributions.OneHotCategorical
jittor.ones,https://cg.cs.tsinghua.edu.cn/jittor/assets/docs/jittor.html#jittor.ones
jittor.ones_like,https://cg.cs.tsinghua.edu.cn/jittor/assets/docs/jittor.html#jittor.ones_like
jittor.optim.opt_grad,https://cg.cs.tsinghua.edu.cn/jittor/assets/docs/jittor.optim.html#jittor.optim.opt_grad
jittor.optim.Optimizer,https://cg.cs.tsinghua.edu.cn/jittor/assets/docs/jittor.optim.html#jittor.optim.Optimizer
jittor.outer,https://cg.cs.tsinghua.edu.cn/jittor/assets/docs/jittor.html#jittor.outer
jittor.nn.pad,https://cg.cs.tsinghua.edu.cn/jittor/assets/docs/jittor.nn.html#jittor.nn.pad
jittor.nn.Parameter,https://cg.cs.tsinghua.edu.cn/jittor/assets/docs/jittor.nn.html#jittor.nn.Parameter
jittor.nn.ParameterDict,https://cg.cs.tsinghua.edu.cn/jittor/assets/docs/jittor.nn.html#jittor.nn.ParameterDict
jittor.Module.parameters,https://cg.cs.tsinghua.edu.cn/jittor/assets/docs/jittor.html#jittor.Module.parameters
jittor.einops.parse_shape,https://cg.cs.tsinghua.edu.cn/jittor/assets/docs/jittor.einops.html#jittor.einops.parse_shape
jittor.misc.peek,https://cg.cs.tsinghua.edu.cn/jittor/assets/docs/jittor.html#jittor.misc.peek
jittor.misc.peek_s,https://cg.cs.tsinghua.edu.cn/jittor/assets/docs/jittor.html#jittor.misc.peek_s
jittor.permute,https://cg.cs.tsinghua.edu.cn/jittor/assets/docs/jittor.html#jittor.permute
jittor.transform.pil_to_tensor,https://cg.cs.tsinghua.edu.cn/jittor/assets/docs/jittor.transform.html#jittor.transform.pil_to_tensor
jittor.linalg.pinv,https://cg.cs.tsinghua.edu.cn/jittor/assets/docs/jittor.linalg.html#jittor.linalg.pinv
jittor.nn.PixelShuffle,https://cg.cs.tsinghua.edu.cn/jittor/assets/docs/jittor.nn.html#jittor.nn.PixelShuffle
jittor.nn.pool,https://cg.cs.tsinghua.edu.cn/jittor/assets/docs/jittor.nn.html#jittor.nn.pool
jittor.nn.pool3d,https://cg.cs.tsinghua.edu.cn/jittor/assets/docs/jittor.nn.html#jittor.nn.pool3d
jittor.nn.Pool3d,https://cg.cs.tsinghua.edu.cn/jittor/assets/docs/jittor.nn.html#jittor.nn.Pool3d
jittor.nn.Pool,https://cg.cs.tsinghua.edu.cn/jittor/assets/docs/jittor.nn.html#jittor.nn.Pool
jittor.optim.Optimizer.post_step,https://cg.cs.tsinghua.edu.cn/jittor/assets/docs/jittor.optim.html#jittor.optim.Optimizer.post_step
jittor.pow,https://cg.cs.tsinghua.edu.cn/jittor/assets/docs/jittor.html#jittor.pow
jittor.optim.Optimizer.pre_step,https://cg.cs.tsinghua.edu.cn/jittor/assets/docs/jittor.optim.html#jittor.optim.Optimizer.pre_step
jittor.nn.PReLU,https://cg.cs.tsinghua.edu.cn/jittor/assets/docs/jittor.nn.html#jittor.nn.PReLU
jittor_core.Var.prod,https://cg.cs.tsinghua.edu.cn/jittor/assets/docs/jittor.html#jittor_core.Var.prod
jittor.profile_mark,https://cg.cs.tsinghua.edu.cn/jittor/assets/docs/jittor.html#jittor.profile_mark
jittor.profile_scope,https://cg.cs.tsinghua.edu.cn/jittor/assets/docs/jittor.html#jittor.profile_scope
jittor.misc.python_pass_wrapper,https://cg.cs.tsinghua.edu.cn/jittor/assets/docs/jittor.html#jittor.misc.python_pass_wrapper
jittor.linalg.qr,https://cg.cs.tsinghua.edu.cn/jittor/assets/docs/jittor.linalg.html#jittor.linalg.qr
jittor.misc.rad2deg,https://cg.cs.tsinghua.edu.cn/jittor/assets/docs/jittor.html#jittor.misc.rad2deg
jittor.rand,https://cg.cs.tsinghua.edu.cn/jittor/assets/docs/jittor.html#jittor.rand
jittor.rand_like,https://cg.cs.tsinghua.edu.cn/jittor/assets/docs/jittor.html#jittor.rand_like
jittor.randint,https://cg.cs.tsinghua.edu.cn/jittor/assets/docs/jittor.html#jittor.randint
jittor.randint_like,https://cg.cs.tsinghua.edu.cn/jittor/assets/docs/jittor.html#jittor.randint_like
jittor.randn,https://cg.cs.tsinghua.edu.cn/jittor/assets/docs/jittor.html#jittor.randn
jittor.randn_like,https://cg.cs.tsinghua.edu.cn/jittor/assets/docs/jittor.html#jittor.randn_like
jittor.random,https://cg.cs.tsinghua.edu.cn/jittor/assets/docs/jittor.html#jittor.random
jittor.init.random_,https://cg.cs.tsinghua.edu.cn/jittor/assets/docs/jittor.init.html#jittor.init.random_
jittor.transform.RandomAffine,https://cg.cs.tsinghua.edu.cn/jittor/assets/docs/jittor.transform.html#jittor.transform.RandomAffine
jittor.transform.RandomApply,https://cg.cs.tsinghua.edu.cn/jittor/assets/docs/jittor.transform.html#jittor.transform.RandomApply
jittor.transform.RandomChoice,https://cg.cs.tsinghua.edu.cn/jittor/assets/docs/jittor.transform.html#jittor.transform.RandomChoice
jittor.transform.RandomCropAndResize,https://cg.cs.tsinghua.edu.cn/jittor/assets/docs/jittor.transform.html#jittor.transform.RandomCropAndResize
jittor.transform.RandomCrop,https://cg.cs.tsinghua.edu.cn/jittor/assets/docs/jittor.transform.html#jittor.transform.RandomCrop
jittor.transform.RandomGray,https://cg.cs.tsinghua.edu.cn/jittor/assets/docs/jittor.transform.html#jittor.transform.RandomGray
jittor.transform.RandomHorizontalFlip,https://cg.cs.tsinghua.edu.cn/jittor/assets/docs/jittor.transform.html#jittor.transform.RandomHorizontalFlip
jittor.transform.RandomOrder,https://cg.cs.tsinghua.edu.cn/jittor/assets/docs/jittor.transform.html#jittor.transform.RandomOrder
jittor.transform.RandomPerspective,https://cg.cs.tsinghua.edu.cn/jittor/assets/docs/jittor.transform.html#jittor.transform.RandomPerspective
jittor.transform.RandomResizedCrop,https://cg.cs.tsinghua.edu.cn/jittor/assets/docs/jittor.transform.html#jittor.transform.RandomResizedCrop
jittor.transform.RandomRotation,https://cg.cs.tsinghua.edu.cn/jittor/assets/docs/jittor.transform.html#jittor.transform.RandomRotation
jittor.dataset.RandomSampler,https://cg.cs.tsinghua.edu.cn/jittor/assets/docs/jittor.dataset.html#jittor.dataset.RandomSampler
jittor.transform.RandomSizedCrop,https://cg.cs.tsinghua.edu.cn/jittor/assets/docs/jittor.transform.html#jittor.transform.RandomSizedCrop
jittor.transform.RandomVerticalFlip,https://cg.cs.tsinghua.edu.cn/jittor/assets/docs/jittor.transform.html#jittor.transform.RandomVerticalFlip
jittor.misc.randperm,https://cg.cs.tsinghua.edu.cn/jittor/assets/docs/jittor.html#jittor.misc.randperm
jittor.einops.rearrange,https://cg.cs.tsinghua.edu.cn/jittor/assets/docs/jittor.einops.html#jittor.einops.rearrange
jittor.einops.reduce,https://cg.cs.tsinghua.edu.cn/jittor/assets/docs/jittor.einops.html#jittor.einops.reduce
jittor_core.Var.reduce,https://cg.cs.tsinghua.edu.cn/jittor/assets/docs/jittor.html#jittor_core.Var.reduce
jittor_core.Var.reduce_add,https://cg.cs.tsinghua.edu.cn/jittor/assets/docs/jittor.html#jittor_core.Var.reduce_add
jittor_core.Var.reduce_bitwise_and,https://cg.cs.tsinghua.edu.cn/jittor/assets/docs/jittor.html#jittor_core.Var.reduce_bitwise_and
jittor_core.Var.reduce_bitwise_or,https://cg.cs.tsinghua.edu.cn/jittor/assets/docs/jittor.html#jittor_core.Var.reduce_bitwise_or
jittor_core.Var.reduce_bitwise_xor,https://cg.cs.tsinghua.edu.cn/jittor/assets/docs/jittor.html#jittor_core.Var.reduce_bitwise_xor
jittor_core.Var.reduce_logical_xor,https://cg.cs.tsinghua.edu.cn/jittor/assets/docs/jittor.html#jittor_core.Var.reduce_logical_xor
jittor_core.Var.reduce_maximum,https://cg.cs.tsinghua.edu.cn/jittor/assets/docs/jittor.html#jittor_core.Var.reduce_maximum
jittor.lr_scheduler.ReduceLROnPlateau,https://cg.cs.tsinghua.edu.cn/jittor/assets/docs/jittor.optim.html#jittor.lr_scheduler.ReduceLROnPlateau
jittor.nn.reflect_coordinates,https://cg.cs.tsinghua.edu.cn/jittor/assets/docs/jittor.nn.html#jittor.nn.reflect_coordinates
jittor.nn.ReflectionPad2d,https://cg.cs.tsinghua.edu.cn/jittor/assets/docs/jittor.nn.html#jittor.nn.ReflectionPad2d
jittor.Module.register_backward_hook,https://cg.cs.tsinghua.edu.cn/jittor/assets/docs/jittor.html#jittor.Module.register_backward_hook
jittor.Module.register_forward_hook,https://cg.cs.tsinghua.edu.cn/jittor/assets/docs/jittor.html#jittor.Module.register_forward_hook
jittor.register_hook,https://cg.cs.tsinghua.edu.cn/jittor/assets/docs/jittor.html#jittor.register_hook
jittor.Module.register_pre_forward_hook,https://cg.cs.tsinghua.edu.cn/jittor/assets/docs/jittor.html#jittor.Module.register_pre_forward_hook
jittor_core.Var.reindex,https://cg.cs.tsinghua.edu.cn/jittor/assets/docs/jittor.html#jittor_core.Var.reindex
jittor_core.Var.reindex_reduce,https://cg.cs.tsinghua.edu.cn/jittor/assets/docs/jittor.html#jittor_core.Var.reindex_reduce
jittor.nn.relu,https://cg.cs.tsinghua.edu.cn/jittor/assets/docs/jittor.nn.html#jittor.nn.relu
jittor.nn.relu6,https://cg.cs.tsinghua.edu.cn/jittor/assets/docs/jittor.nn.html#jittor.nn.relu6
jittor.init.relu_invariant_gauss,https://cg.cs.tsinghua.edu.cn/jittor/assets/docs/jittor.init.html#jittor.init.relu_invariant_gauss
jittor.init.relu_invariant_gauss_,https://cg.cs.tsinghua.edu.cn/jittor/assets/docs/jittor.init.html#jittor.init.relu_invariant_gauss_
jittor.weightnorm.WeightNorm.remove,https://cg.cs.tsinghua.edu.cn/jittor/assets/docs/jittor.weightnorm.html#jittor.weightnorm.WeightNorm.remove
jittor.Module.remove_backward_hook,https://cg.cs.tsinghua.edu.cn/jittor/assets/docs/jittor.html#jittor.Module.remove_backward_hook
jittor.Module.remove_forward_hook,https://cg.cs.tsinghua.edu.cn/jittor/assets/docs/jittor.html#jittor.Module.remove_forward_hook
jittor.Module.remove_pre_forward_hook,https://cg.cs.tsinghua.edu.cn/jittor/assets/docs/jittor.html#jittor.Module.remove_pre_forward_hook
jittor.weightnorm.remove_weight_norm,https://cg.cs.tsinghua.edu.cn/jittor/assets/docs/jittor.weightnorm.html#jittor.weightnorm.remove_weight_norm
jittor.einops.repeat,https://cg.cs.tsinghua.edu.cn/jittor/assets/docs/jittor.einops.html#jittor.einops.repeat
jittor.misc.repeat,https://cg.cs.tsinghua.edu.cn/jittor/assets/docs/jittor.html#jittor.misc.repeat
jittor.misc.repeat_interleave,https://cg.cs.tsinghua.edu.cn/jittor/assets/docs/jittor.html#jittor.misc.repeat_interleave
jittor.nn.ReplicationPad2d,https://cg.cs.tsinghua.edu.cn/jittor/assets/docs/jittor.nn.html#jittor.nn.ReplicationPad2d
jittor.Module.requires_grad_,https://cg.cs.tsinghua.edu.cn/jittor/assets/docs/jittor.html#jittor.Module.requires_grad_
jittor.models.res2net101,https://cg.cs.tsinghua.edu.cn/jittor/assets/docs/jittor.models.html#jittor.models.res2net101
jittor.models.res2net50,https://cg.cs.tsinghua.edu.cn/jittor/assets/docs/jittor.models.html#jittor.models.res2net50
jittor.attention.MultiheadAttention.reset_parameters,https://cg.cs.tsinghua.edu.cn/jittor/assets/docs/jittor.attention.html#jittor.attention.MultiheadAttention.reset_parameters
jittor.reshape,https://cg.cs.tsinghua.edu.cn/jittor/assets/docs/jittor.html#jittor.reshape
jittor.nn.resize,https://cg.cs.tsinghua.edu.cn/jittor/assets/docs/jittor.nn.html#jittor.nn.resize
jittor.transform.resize,https://cg.cs.tsinghua.edu.cn/jittor/assets/docs/jittor.transform.html#jittor.transform.resize
jittor.nn.Resize,https://cg.cs.tsinghua.edu.cn/jittor/assets/docs/jittor.nn.html#jittor.nn.Resize
jittor.transform.Resize,https://cg.cs.tsinghua.edu.cn/jittor/assets/docs/jittor.transform.html#jittor.transform.Resize
jittor.models.Resnet101,https://cg.cs.tsinghua.edu.cn/jittor/assets/docs/jittor.models.html#jittor.models.Resnet101
jittor.models.resnet101,https://cg.cs.tsinghua.edu.cn/jittor/assets/docs/jittor.models.html#jittor.models.resnet101
jittor.models.Resnet152,https://cg.cs.tsinghua.edu.cn/jittor/assets/docs/jittor.models.html#jittor.models.Resnet152
jittor.models.resnet152,https://cg.cs.tsinghua.edu.cn/jittor/assets/docs/jittor.models.html#jittor.models.resnet152
jittor.models.Resnet18,https://cg.cs.tsinghua.edu.cn/jittor/assets/docs/jittor.models.html#jittor.models.Resnet18
jittor.models.resnet18,https://cg.cs.tsinghua.edu.cn/jittor/assets/docs/jittor.models.html#jittor.models.resnet18
jittor.models.Resnet26,https://cg.cs.tsinghua.edu.cn/jittor/assets/docs/jittor.models.html#jittor.models.Resnet26
jittor.models.resnet26,https://cg.cs.tsinghua.edu.cn/jittor/assets/docs/jittor.models.html#jittor.models.resnet26
jittor.models.Resnet34,https://cg.cs.tsinghua.edu.cn/jittor/assets/docs/jittor.models.html#jittor.models.Resnet34
jittor.models.resnet34,https://cg.cs.tsinghua.edu.cn/jittor/assets/docs/jittor.models.html#jittor.models.resnet34
jittor.models.Resnet38,https://cg.cs.tsinghua.edu.cn/jittor/assets/docs/jittor.models.html#jittor.models.Resnet38
jittor.models.resnet38,https://cg.cs.tsinghua.edu.cn/jittor/assets/docs/jittor.models.html#jittor.models.resnet38
jittor.models.Resnet50,https://cg.cs.tsinghua.edu.cn/jittor/assets/docs/jittor.models.html#jittor.models.Resnet50
jittor.models.resnet50,https://cg.cs.tsinghua.edu.cn/jittor/assets/docs/jittor.models.html#jittor.models.resnet50
jittor.models.ResNet,https://cg.cs.tsinghua.edu.cn/jittor/assets/docs/jittor.models.html#jittor.models.ResNet
jittor.models.Resnext101_32x8d,https://cg.cs.tsinghua.edu.cn/jittor/assets/docs/jittor.models.html#jittor.models.Resnext101_32x8d
jittor.models.resnext101_32x8d,https://cg.cs.tsinghua.edu.cn/jittor/assets/docs/jittor.models.html#jittor.models.resnext101_32x8d
jittor.models.Resnext50_32x4d,https://cg.cs.tsinghua.edu.cn/jittor/assets/docs/jittor.models.html#jittor.models.Resnext50_32x4d
jittor.models.resnext50_32x4d,https://cg.cs.tsinghua.edu.cn/jittor/assets/docs/jittor.models.html#jittor.models.resnext50_32x4d
jittor_core.Var.right_shift,https://cg.cs.tsinghua.edu.cn/jittor/assets/docs/jittor.html#jittor_core.Var.right_shift
jittor.optim.RMSprop,https://cg.cs.tsinghua.edu.cn/jittor/assets/docs/jittor.optim.html#jittor.optim.RMSprop
jittor.nn.RNNBase,https://cg.cs.tsinghua.edu.cn/jittor/assets/docs/jittor.nn.html#jittor.nn.RNNBase
jittor.nn.RNNCell,https://cg.cs.tsinghua.edu.cn/jittor/assets/docs/jittor.nn.html#jittor.nn.RNNCell
jittor.nn.RNN,https://cg.cs.tsinghua.edu.cn/jittor/assets/docs/jittor.nn.html#jittor.nn.RNN
jittor.misc.roll,https://cg.cs.tsinghua.edu.cn/jittor/assets/docs/jittor.html#jittor.misc.roll
jittor_core.Var.round,https://cg.cs.tsinghua.edu.cn/jittor/assets/docs/jittor.html#jittor_core.Var.round
jittor_core.Var.round_int,https://cg.cs.tsinghua.edu.cn/jittor/assets/docs/jittor.html#jittor_core.Var.round_int
jittor.misc.rsqrt,https://cg.cs.tsinghua.edu.cn/jittor/assets/docs/jittor.html#jittor.misc.rsqrt
jittor_core.Var.safe_clip,https://cg.cs.tsinghua.edu.cn/jittor/assets/docs/jittor.html#jittor_core.Var.safe_clip
jittor.misc.safe_log,https://cg.cs.tsinghua.edu.cn/jittor/assets/docs/jittor.html#jittor.misc.safe_log
jittor.safepickle,https://cg.cs.tsinghua.edu.cn/jittor/assets/docs/jittor.html#jittor.safepickle
jittor.safeunpickle,https://cg.cs.tsinghua.edu.cn/jittor/assets/docs/jittor.html#jittor.safeunpickle
jittor.dataset.Sampler,https://cg.cs.tsinghua.edu.cn/jittor/assets/docs/jittor.dataset.html#jittor.dataset.Sampler
jittor.Module.save,https://cg.cs.tsinghua.edu.cn/jittor/assets/docs/jittor.html#jittor.Module.save
jittor.save,https://cg.cs.tsinghua.edu.cn/jittor/assets/docs/jittor.html#jittor.save
jittor.misc.save_image,https://cg.cs.tsinghua.edu.cn/jittor/assets/docs/jittor.html#jittor.misc.save_image
jittor.misc.scatter,https://cg.cs.tsinghua.edu.cn/jittor/assets/docs/jittor.html#jittor.misc.scatter
jittor.misc.searchsorted,https://cg.cs.tsinghua.edu.cn/jittor/assets/docs/jittor.html#jittor.misc.searchsorted
jittor.dataset.SequentialSampler,https://cg.cs.tsinghua.edu.cn/jittor/assets/docs/jittor.dataset.html#jittor.dataset.SequentialSampler
jittor.nn.Sequential,https://cg.cs.tsinghua.edu.cn/jittor/assets/docs/jittor.nn.html#jittor.nn.Sequential
jittor.dataset.Dataset.set_attrs,https://cg.cs.tsinghua.edu.cn/jittor/assets/docs/jittor.dataset.html#jittor.dataset.Dataset.set_attrs
jittor.misc.set_global_seed,https://cg.cs.tsinghua.edu.cn/jittor/assets/docs/jittor.html#jittor.misc.set_global_seed
jittor.contrib.setitem,https://cg.cs.tsinghua.edu.cn/jittor/assets/docs/jittor.contrib.html#jittor.contrib.setitem
jittor_core.Var.setitem,https://cg.cs.tsinghua.edu.cn/jittor/assets/docs/jittor.html#jittor_core.Var.setitem
jittor.optim.SGD,https://cg.cs.tsinghua.edu.cn/jittor/assets/docs/jittor.optim.html#jittor.optim.SGD
jittor.models.shufflenet_v2_x0_5,https://cg.cs.tsinghua.edu.cn/jittor/assets/docs/jittor.models.html#jittor.models.shufflenet_v2_x0_5
jittor.models.shufflenet_v2_x1_0,https://cg.cs.tsinghua.edu.cn/jittor/assets/docs/jittor.models.html#jittor.models.shufflenet_v2_x1_0
jittor.models.shufflenet_v2_x1_5,https://cg.cs.tsinghua.edu.cn/jittor/assets/docs/jittor.models.html#jittor.models.shufflenet_v2_x1_5
jittor.models.shufflenet_v2_x2_0,https://cg.cs.tsinghua.edu.cn/jittor/assets/docs/jittor.models.html#jittor.models.shufflenet_v2_x2_0
jittor.models.ShuffleNetV2,https://cg.cs.tsinghua.edu.cn/jittor/assets/docs/jittor.models.html#jittor.models.ShuffleNetV2
jittor_core.Var.sigmoid,https://cg.cs.tsinghua.edu.cn/jittor/assets/docs/jittor.html#jittor_core.Var.sigmoid
jittor.sigmoid_,https://cg.cs.tsinghua.edu.cn/jittor/assets/docs/jittor.html#jittor.sigmoid_
jittor.nn.Sigmoid,https://cg.cs.tsinghua.edu.cn/jittor/assets/docs/jittor.nn.html#jittor.nn.Sigmoid
jittor.nn.sign,https://cg.cs.tsinghua.edu.cn/jittor/assets/docs/jittor.nn.html#jittor.nn.sign
jittor.nn.silu,https://cg.cs.tsinghua.edu.cn/jittor/assets/docs/jittor.nn.html#jittor.nn.silu
jittor.distributions.simple_presum,https://cg.cs.tsinghua.edu.cn/jittor/assets/docs/jittor.distributions.html#jittor.distributions.simple_presum
jittor_core.Var.sin,https://cg.cs.tsinghua.edu.cn/jittor/assets/docs/jittor.html#jittor_core.Var.sin
jittor.single_process_scope,https://cg.cs.tsinghua.edu.cn/jittor/assets/docs/jittor.html#jittor.single_process_scope
jittor_core.Var.sinh,https://cg.cs.tsinghua.edu.cn/jittor/assets/docs/jittor.html#jittor_core.Var.sinh
jittor.size,https://cg.cs.tsinghua.edu.cn/jittor/assets/docs/jittor.html#jittor.size
jittor.nn.skip_init,https://cg.cs.tsinghua.edu.cn/jittor/assets/docs/jittor.nn.html#jittor.nn.skip_init
jittor.dataset.SkipFirstBatchesSampler,https://cg.cs.tsinghua.edu.cn/jittor/assets/docs/jittor.dataset.html#jittor.dataset.SkipFirstBatchesSampler
jittor.contrib.slice_var_index,https://cg.cs.tsinghua.edu.cn/jittor/assets/docs/jittor.contrib.html#jittor.contrib.slice_var_index
jittor.linalg.slogdet,https://cg.cs.tsinghua.edu.cn/jittor/assets/docs/jittor.linalg.html#jittor.linalg.slogdet
jittor.nn.smooth_l1_loss,https://cg.cs.tsinghua.edu.cn/jittor/assets/docs/jittor.nn.html#jittor.nn.smooth_l1_loss
jittor.nn.softmax,https://cg.cs.tsinghua.edu.cn/jittor/assets/docs/jittor.nn.html#jittor.nn.softmax
jittor.nn.softplus,https://cg.cs.tsinghua.edu.cn/jittor/assets/docs/jittor.nn.html#jittor.nn.softplus
jittor.nn.Softplus,https://cg.cs.tsinghua.edu.cn/jittor/assets/docs/jittor.nn.html#jittor.nn.Softplus
jittor.linalg.solve,https://cg.cs.tsinghua.edu.cn/jittor/assets/docs/jittor.linalg.html#jittor.linalg.solve
jittor.misc.sort,https://cg.cs.tsinghua.edu.cn/jittor/assets/docs/jittor.html#jittor.misc.sort
jittor.sparse.sparse_array,https://cg.cs.tsinghua.edu.cn/jittor/assets/docs/jittor.sparse.html#jittor.sparse.sparse_array
jittor.sparse.SparseVar,https://cg.cs.tsinghua.edu.cn/jittor/assets/docs/jittor.sparse.html#jittor.sparse.SparseVar
jittor.misc.split,https://cg.cs.tsinghua.edu.cn/jittor/assets/docs/jittor.html#jittor.misc.split
jittor.sparse.spmm,https://cg.cs.tsinghua.edu.cn/jittor/assets/docs/jittor.sparse.html#jittor.sparse.spmm
jittor.sqr,https://cg.cs.tsinghua.edu.cn/jittor/assets/docs/jittor.html#jittor.sqr
jittor_core.Var.sqrt,https://cg.cs.tsinghua.edu.cn/jittor/assets/docs/jittor.html#jittor_core.Var.sqrt
jittor.sqrt_,https://cg.cs.tsinghua.edu.cn/jittor/assets/docs/jittor.html#jittor.sqrt_
jittor.squeeze,https://cg.cs.tsinghua.edu.cn/jittor/assets/docs/jittor.html#jittor.squeeze
jittor.models.squeezenet1_0,https://cg.cs.tsinghua.edu.cn/jittor/assets/docs/jittor.models.html#jittor.models.squeezenet1_0
jittor.models.squeezenet1_1,https://cg.cs.tsinghua.edu.cn/jittor/assets/docs/jittor.models.html#jittor.models.squeezenet1_1
jittor.models.SqueezeNet,https://cg.cs.tsinghua.edu.cn/jittor/assets/docs/jittor.models.html#jittor.models.SqueezeNet
jittor.misc.stack,https://cg.cs.tsinghua.edu.cn/jittor/assets/docs/jittor.html#jittor.misc.stack
jittor_core.Var.start_grad,https://cg.cs.tsinghua.edu.cn/jittor/assets/docs/jittor.html#jittor_core.Var.start_grad
jittor.std,https://cg.cs.tsinghua.edu.cn/jittor/assets/docs/jittor.html#jittor.std
jittor.lr_scheduler.StepLR,https://cg.cs.tsinghua.edu.cn/jittor/assets/docs/jittor.optim.html#jittor.lr_scheduler.StepLR
jittor_core.Var.stop_fuse,https://cg.cs.tsinghua.edu.cn/jittor/assets/docs/jittor.html#jittor_core.Var.stop_fuse
jittor_core.Var.stop_grad,https://cg.cs.tsinghua.edu.cn/jittor/assets/docs/jittor.html#jittor_core.Var.stop_grad
jittor_core.Var.sub,https://cg.cs.tsinghua.edu.cn/jittor/assets/docs/jittor.html#jittor_core.Var.sub
jittor.dataset.SubsetRandomSampler,https://cg.cs.tsinghua.edu.cn/jittor/assets/docs/jittor.dataset.html#jittor.dataset.SubsetRandomSampler
jittor_core.Var.subtract,https://cg.cs.tsinghua.edu.cn/jittor/assets/docs/jittor.html#jittor_core.Var.subtract
jittor_core.Var.sum,https://cg.cs.tsinghua.edu.cn/jittor/assets/docs/jittor.html#jittor_core.Var.sum
jittor.linalg.svd,https://cg.cs.tsinghua.edu.cn/jittor/assets/docs/jittor.linalg.html#jittor.linalg.svd
jittor_core.Var.swap,https://cg.cs.tsinghua.edu.cn/jittor/assets/docs/jittor.html#jittor_core.Var.swap
jittor.misc.t,https://cg.cs.tsinghua.edu.cn/jittor/assets/docs/jittor.html#jittor.misc.t
jittor_core.Var.tan,https://cg.cs.tsinghua.edu.cn/jittor/assets/docs/jittor.html#jittor_core.Var.tan
jittor_core.Var.tanh,https://cg.cs.tsinghua.edu.cn/jittor/assets/docs/jittor.html#jittor_core.Var.tanh
jittor.nn.Tanh,https://cg.cs.tsinghua.edu.cn/jittor/assets/docs/jittor.nn.html#jittor.nn.Tanh
jittor_core.Var.tape,https://cg.cs.tsinghua.edu.cn/jittor/assets/docs/jittor.html#jittor_core.Var.tape
jittor.transform.TenCrop,https://cg.cs.tsinghua.edu.cn/jittor/assets/docs/jittor.transform.html#jittor.transform.TenCrop
jittor.dataset.TensorDataset,https://cg.cs.tsinghua.edu.cn/jittor/assets/docs/jittor.dataset.html#jittor.dataset.TensorDataset
jittor.dataset.Dataset.terminate,https://cg.cs.tsinghua.edu.cn/jittor/assets/docs/jittor.dataset.html#jittor.dataset.Dataset.terminate
jittor_core.Var.ternary,https://cg.cs.tsinghua.edu.cn/jittor/assets/docs/jittor.html#jittor_core.Var.ternary
jittor.misc.to,https://cg.cs.tsinghua.edu.cn/jittor/assets/docs/jittor.html#jittor.misc.to
jittor.to_bool,https://cg.cs.tsinghua.edu.cn/jittor/assets/docs/jittor.html#jittor.to_bool
jittor.to_float,https://cg.cs.tsinghua.edu.cn/jittor/assets/docs/jittor.html#jittor.to_float
jittor.to_int,https://cg.cs.tsinghua.edu.cn/jittor/assets/docs/jittor.html#jittor.to_int
jittor.dataset.Dataset.to_jittor,https://cg.cs.tsinghua.edu.cn/jittor/assets/docs/jittor.dataset.html#jittor.dataset.Dataset.to_jittor
jittor.transform.to_pil_image,https://cg.cs.tsinghua.edu.cn/jittor/assets/docs/jittor.transform.html#jittor.transform.to_pil_image
jittor.transform.to_tensor,https://cg.cs.tsinghua.edu.cn/jittor/assets/docs/jittor.transform.html#jittor.transform.to_tensor
jittor.misc.tolist,https://cg.cs.tsinghua.edu.cn/jittor/assets/docs/jittor.html#jittor.misc.tolist
jittor.transform.ToPILImage,https://cg.cs.tsinghua.edu.cn/jittor/assets/docs/jittor.transform.html#jittor.transform.ToPILImage
jittor.misc.topk,https://cg.cs.tsinghua.edu.cn/jittor/assets/docs/jittor.html#jittor.misc.topk
jittor.transform.ToTensor,https://cg.cs.tsinghua.edu.cn/jittor/assets/docs/jittor.transform.html#jittor.transform.ToTensor
jittor.Module.train,https://cg.cs.tsinghua.edu.cn/jittor/assets/docs/jittor.html#jittor.Module.train
jittor.transpose,https://cg.cs.tsinghua.edu.cn/jittor/assets/docs/jittor.html#jittor.transpose
jittor.misc.tril,https://cg.cs.tsinghua.edu.cn/jittor/assets/docs/jittor.html#jittor.misc.tril
jittor.misc.triu,https://cg.cs.tsinghua.edu.cn/jittor/assets/docs/jittor.html#jittor.misc.triu
jittor.misc.triu_,https://cg.cs.tsinghua.edu.cn/jittor/assets/docs/jittor.html#jittor.misc.triu_
jittor.init.trunc_normal_,https://cg.cs.tsinghua.edu.cn/jittor/assets/docs/jittor.init.html#jittor.init.trunc_normal_
jittor.type_as,https://cg.cs.tsinghua.edu.cn/jittor/assets/docs/jittor.html#jittor.type_as
jittor_core.Var.uint16,https://cg.cs.tsinghua.edu.cn/jittor/assets/docs/jittor.html#jittor_core.Var.uint16
jittor_core.Var.uint32,https://cg.cs.tsinghua.edu.cn/jittor/assets/docs/jittor.html#jittor_core.Var.uint32
jittor_core.Var.uint64,https://cg.cs.tsinghua.edu.cn/jittor/assets/docs/jittor.html#jittor_core.Var.uint64
jittor_core.Var.uint8,https://cg.cs.tsinghua.edu.cn/jittor/assets/docs/jittor.html#jittor_core.Var.uint8
jittor_core.Var.unary,https://cg.cs.tsinghua.edu.cn/jittor/assets/docs/jittor.html#jittor_core.Var.unary
jittor.misc.unbind,https://cg.cs.tsinghua.edu.cn/jittor/assets/docs/jittor.html#jittor.misc.unbind
jittor.nn.unfold,https://cg.cs.tsinghua.edu.cn/jittor/assets/docs/jittor.nn.html#jittor.nn.unfold
jittor.init.uniform,https://cg.cs.tsinghua.edu.cn/jittor/assets/docs/jittor.init.html#jittor.init.uniform
jittor.init.uniform_,https://cg.cs.tsinghua.edu.cn/jittor/assets/docs/jittor.init.html#jittor.init.uniform_
jittor.distributions.Uniform,https://cg.cs.tsinghua.edu.cn/jittor/assets/docs/jittor.distributions.html#jittor.distributions.Uniform
jittor.misc.unique,https://cg.cs.tsinghua.edu.cn/jittor/assets/docs/jittor.html#jittor.misc.unique
jittor.unsqueeze,https://cg.cs.tsinghua.edu.cn/jittor/assets/docs/jittor.html#jittor.unsqueeze
jittor_core.Var.update,https://cg.cs.tsinghua.edu.cn/jittor/assets/docs/jittor.html#jittor_core.Var.update
jittor.nn.upsample,https://cg.cs.tsinghua.edu.cn/jittor/assets/docs/jittor.nn.html#jittor.nn.upsample
jittor.nn.Upsample,https://cg.cs.tsinghua.edu.cn/jittor/assets/docs/jittor.nn.html#jittor.nn.Upsample
jittor.nn.UpsamplingBilinear2d,https://cg.cs.tsinghua.edu.cn/jittor/assets/docs/jittor.nn.html#jittor.nn.UpsamplingBilinear2d
jittor.nn.UpsamplingNearest2d,https://cg.cs.tsinghua.edu.cn/jittor/assets/docs/jittor.nn.html#jittor.nn.UpsamplingNearest2d
jittor.var,https://cg.cs.tsinghua.edu.cn/jittor/assets/docs/jittor.html#jittor.var
jittor.dataset.VarDataset,https://cg.cs.tsinghua.edu.cn/jittor/assets/docs/jittor.dataset.html#jittor.dataset.VarDataset
jittor.transform.vflip,https://cg.cs.tsinghua.edu.cn/jittor/assets/docs/jittor.transform.html#jittor.transform.vflip
jittor.models.vgg11,https://cg.cs.tsinghua.edu.cn/jittor/assets/docs/jittor.models.html#jittor.models.vgg11
jittor.models.vgg11_bn,https://cg.cs.tsinghua.edu.cn/jittor/assets/docs/jittor.models.html#jittor.models.vgg11_bn
jittor.models.vgg13,https://cg.cs.tsinghua.edu.cn/jittor/assets/docs/jittor.models.html#jittor.models.vgg13
jittor.models.vgg13_bn,https://cg.cs.tsinghua.edu.cn/jittor/assets/docs/jittor.models.html#jittor.models.vgg13_bn
jittor.models.vgg16,https://cg.cs.tsinghua.edu.cn/jittor/assets/docs/jittor.models.html#jittor.models.vgg16
jittor.models.vgg16_bn,https://cg.cs.tsinghua.edu.cn/jittor/assets/docs/jittor.models.html#jittor.models.vgg16_bn
jittor.models.vgg19,https://cg.cs.tsinghua.edu.cn/jittor/assets/docs/jittor.models.html#jittor.models.vgg19
jittor.models.vgg19_bn,https://cg.cs.tsinghua.edu.cn/jittor/assets/docs/jittor.models.html#jittor.models.vgg19_bn
jittor.models.VGG,https://cg.cs.tsinghua.edu.cn/jittor/assets/docs/jittor.models.html#jittor.models.VGG
jittor.view,https://cg.cs.tsinghua.edu.cn/jittor/assets/docs/jittor.html#jittor.view
jittor.misc.view_as,https://cg.cs.tsinghua.edu.cn/jittor/assets/docs/jittor.html#jittor.misc.view_as
jittor.dataset.VOC,https://cg.cs.tsinghua.edu.cn/jittor/assets/docs/jittor.dataset.html#jittor.dataset.VOC
jittor.vtos,https://cg.cs.tsinghua.edu.cn/jittor/assets/docs/jittor.html#jittor.vtos
jittor.weightnorm.weight_norm,https://cg.cs.tsinghua.edu.cn/jittor/assets/docs/jittor.weightnorm.html#jittor.weightnorm.weight_norm
jittor.weightnorm.WeightNorm,https://cg.cs.tsinghua.edu.cn/jittor/assets/docs/jittor.weightnorm.html#jittor.weightnorm.WeightNorm
jittor_core.Var.where,https://cg.cs.tsinghua.edu.cn/jittor/assets/docs/jittor.html#jittor_core.Var.where
jittor.models.Wide_resnet101_2,https://cg.cs.tsinghua.edu.cn/jittor/assets/docs/jittor.models.html#jittor.models.Wide_resnet101_2
jittor.models.wide_resnet101_2,https://cg.cs.tsinghua.edu.cn/jittor/assets/docs/jittor.models.html#jittor.models.wide_resnet101_2
jittor.models.Wide_resnet50_2,https://cg.cs.tsinghua.edu.cn/jittor/assets/docs/jittor.models.html#jittor.models.Wide_resnet50_2
jittor.models.wide_resnet50_2,https://cg.cs.tsinghua.edu.cn/jittor/assets/docs/jittor.models.html#jittor.models.wide_resnet50_2
jittor.init.xavier_gauss,https://cg.cs.tsinghua.edu.cn/jittor/assets/docs/jittor.init.html#jittor.init.xavier_gauss
jittor.init.xavier_gauss_,https://cg.cs.tsinghua.edu.cn/jittor/assets/docs/jittor.init.html#jittor.init.xavier_gauss_
jittor.init.xavier_uniform,https://cg.cs.tsinghua.edu.cn/jittor/assets/docs/jittor.init.html#jittor.init.xavier_uniform
jittor.init.xavier_uniform_,https://cg.cs.tsinghua.edu.cn/jittor/assets/docs/jittor.init.html#jittor.init.xavier_uniform_
jittor.init.zero,https://cg.cs.tsinghua.edu.cn/jittor/assets/docs/jittor.init.html#jittor.init.zero
jittor.init.zero_,https://cg.cs.tsinghua.edu.cn/jittor/assets/docs/jittor.init.html#jittor.init.zero_
jittor.nn.ZeroPad2d,https://cg.cs.tsinghua.edu.cn/jittor/assets/docs/jittor.nn.html#jittor.nn.ZeroPad2d
jittor.zeros,https://cg.cs.tsinghua.edu.cn/jittor/assets/docs/jittor.html#jittor.zeros
jittor.zeros_like,https://cg.cs.tsinghua.edu.cn/jittor/assets/docs/jittor.html#jittor.zeros_like
