oneflow.BoolTensor,https://oneflow.readthedocs.io/en/master/generated/oneflow.BoolTensor.html
oneflow.ByteTensor,https://oneflow.readthedocs.io/en/master/generated/oneflow.ByteTensor.html
oneflow.CharTensor,https://oneflow.readthedocs.io/en/master/generated/oneflow.CharTensor.html
oneflow.DoubleTensor,https://oneflow.readthedocs.io/en/master/generated/oneflow.DoubleTensor.html
oneflow.FloatTensor,https://oneflow.readthedocs.io/en/master/generated/oneflow.FloatTensor.html
oneflow.HalfTensor,https://oneflow.readthedocs.io/en/master/generated/oneflow.HalfTensor.html
oneflow.IntTensor,https://oneflow.readthedocs.io/en/master/generated/oneflow.IntTensor.html
oneflow.LongTensor,https://oneflow.readthedocs.io/en/master/generated/oneflow.LongTensor.html
oneflow.is_tensor,https://oneflow.readthedocs.io/en/master/generated/oneflow.is_tensor.html
oneflow.is_floating_point,https://oneflow.readthedocs.io/en/master/generated/oneflow.is_floating_point.html
oneflow.is_nonzero,https://oneflow.readthedocs.io/en/master/generated/oneflow.is_nonzero.html
oneflow.numel,https://oneflow.readthedocs.io/en/master/generated/oneflow.numel.html
oneflow.set_printoptions,https://oneflow.readthedocs.io/en/master/generated/oneflow.set_printoptions.html
oneflow.get_default_dtype,https://oneflow.readthedocs.io/en/master/generated/oneflow.get_default_dtype.html
oneflow.set_default_dtype,https://oneflow.readthedocs.io/en/master/generated/oneflow.set_default_dtype.html
oneflow.set_default_tensor_type,https://oneflow.readthedocs.io/en/master/generated/oneflow.set_default_tensor_type.html
oneflow.tensor,https://oneflow.readthedocs.io/en/master/generated/oneflow.tensor.html
oneflow.as_tensor,https://oneflow.readthedocs.io/en/master/generated/oneflow.as_tensor.html
oneflow.as_strided,https://oneflow.readthedocs.io/en/master/generated/oneflow.as_strided.html
oneflow.from_numpy,https://oneflow.readthedocs.io/en/master/generated/oneflow.from_numpy.html
oneflow.zeros,https://oneflow.readthedocs.io/en/master/generated/oneflow.zeros.html
oneflow.zeros_like,https://oneflow.readthedocs.io/en/master/generated/oneflow.zeros_like.html
oneflow.ones,https://oneflow.readthedocs.io/en/master/generated/oneflow.ones.html
oneflow.ones_like,https://oneflow.readthedocs.io/en/master/generated/oneflow.ones_like.html
oneflow.randn_like,https://oneflow.readthedocs.io/en/master/generated/oneflow.randn_like.html
oneflow.randint_like,https://oneflow.readthedocs.io/en/master/generated/oneflow.randint_like.html
oneflow.masked_fill,https://oneflow.readthedocs.io/en/master/generated/oneflow.masked_fill.html
oneflow.new_ones,https://oneflow.readthedocs.io/en/master/generated/oneflow.new_ones.html
oneflow.arange,https://oneflow.readthedocs.io/en/master/generated/oneflow.arange.html
oneflow.linspace,https://oneflow.readthedocs.io/en/master/generated/oneflow.linspace.html
oneflow.eye,https://oneflow.readthedocs.io/en/master/generated/oneflow.eye.html
oneflow.empty,https://oneflow.readthedocs.io/en/master/generated/oneflow.empty.html
oneflow.empty_like,https://oneflow.readthedocs.io/en/master/generated/oneflow.empty_like.html
oneflow.full,https://oneflow.readthedocs.io/en/master/generated/oneflow.full.html
oneflow.full_like,https://oneflow.readthedocs.io/en/master/generated/oneflow.full_like.html
oneflow.tensor_scatter_nd_update,https://oneflow.readthedocs.io/en/master/generated/oneflow.tensor_scatter_nd_update.html
oneflow.logspace,https://oneflow.readthedocs.io/en/master/generated/oneflow.logspace.html
oneflow.argwhere,https://oneflow.readthedocs.io/en/master/generated/oneflow.argwhere.html
oneflow.atleast_1d,https://oneflow.readthedocs.io/en/master/generated/oneflow.atleast_1d.html
oneflow.atleast_2d,https://oneflow.readthedocs.io/en/master/generated/oneflow.atleast_2d.html
oneflow.atleast_3d,https://oneflow.readthedocs.io/en/master/generated/oneflow.atleast_3d.html
oneflow.cat,https://oneflow.readthedocs.io/en/master/generated/oneflow.cat.html
oneflow.column_stack,https://oneflow.readthedocs.io/en/master/generated/oneflow.column_stack.html
oneflow.concat,https://oneflow.readthedocs.io/en/master/generated/oneflow.concat.html
oneflow.chunk,https://oneflow.readthedocs.io/en/master/generated/oneflow.chunk.html
oneflow.dstack,https://oneflow.readthedocs.io/en/master/generated/oneflow.dstack.html
oneflow.expand,https://oneflow.readthedocs.io/en/master/generated/oneflow.expand.html
oneflow.gather,https://oneflow.readthedocs.io/en/master/generated/oneflow.gather.html
oneflow.gather_nd,https://oneflow.readthedocs.io/en/master/generated/oneflow.gather_nd.html
oneflow.batch_gather,https://oneflow.readthedocs.io/en/master/generated/oneflow.batch_gather.html
oneflow.hsplit,https://oneflow.readthedocs.io/en/master/generated/oneflow.hsplit.html
oneflow.hstack,https://oneflow.readthedocs.io/en/master/generated/oneflow.hstack.html
oneflow.vsplit,https://oneflow.readthedocs.io/en/master/generated/oneflow.vsplit.html
oneflow.vstack,https://oneflow.readthedocs.io/en/master/generated/oneflow.vstack.html
oneflow.index_select,https://oneflow.readthedocs.io/en/master/generated/oneflow.index_select.html
oneflow.index_add,https://oneflow.readthedocs.io/en/master/generated/oneflow.index_add.html
oneflow.masked_select,https://oneflow.readthedocs.io/en/master/generated/oneflow.masked_select.html
oneflow.movedim,https://oneflow.readthedocs.io/en/master/generated/oneflow.movedim.html
oneflow.narrow,https://oneflow.readthedocs.io/en/master/generated/oneflow.narrow.html
oneflow.nonzero,https://oneflow.readthedocs.io/en/master/generated/oneflow.nonzero.html
oneflow.permute,https://oneflow.readthedocs.io/en/master/generated/oneflow.permute.html
oneflow.repeat,https://oneflow.readthedocs.io/en/master/generated/oneflow.repeat.html
oneflow.reshape,https://oneflow.readthedocs.io/en/master/generated/oneflow.reshape.html
oneflow.row_stack,https://oneflow.readthedocs.io/en/master/generated/oneflow.row_stack.html
oneflow.select,https://oneflow.readthedocs.io/en/master/generated/oneflow.select.html
oneflow.scatter,https://oneflow.readthedocs.io/en/master/generated/oneflow.scatter.html
oneflow.scatter_add,https://oneflow.readthedocs.io/en/master/generated/oneflow.scatter_add.html
oneflow.scatter_nd,https://oneflow.readthedocs.io/en/master/generated/oneflow.scatter_nd.html
oneflow.slice,https://oneflow.readthedocs.io/en/master/generated/oneflow.slice.html
oneflow.slice_update,https://oneflow.readthedocs.io/en/master/generated/oneflow.slice_update.html
oneflow.split,https://oneflow.readthedocs.io/en/master/generated/oneflow.split.html
oneflow.squeeze,https://oneflow.readthedocs.io/en/master/generated/oneflow.squeeze.html
oneflow.stack,https://oneflow.readthedocs.io/en/master/generated/oneflow.stack.html
oneflow.swapaxes,https://oneflow.readthedocs.io/en/master/generated/oneflow.swapaxes.html
oneflow.swapdims,https://oneflow.readthedocs.io/en/master/generated/oneflow.swapdims.html
oneflow.t,https://oneflow.readthedocs.io/en/master/generated/oneflow.t.html
oneflow.tile,https://oneflow.readthedocs.io/en/master/generated/oneflow.tile.html
oneflow.transpose,https://oneflow.readthedocs.io/en/master/generated/oneflow.transpose.html
oneflow.unbind,https://oneflow.readthedocs.io/en/master/generated/oneflow.unbind.html
oneflow.unsqueeze,https://oneflow.readthedocs.io/en/master/generated/oneflow.unsqueeze.html
oneflow.where,https://oneflow.readthedocs.io/en/master/generated/oneflow.where.html
oneflow.tensor_split,https://oneflow.readthedocs.io/en/master/generated/oneflow.tensor_split.html
oneflow.seed,https://oneflow.readthedocs.io/en/master/generated/oneflow.seed.html
oneflow.manual_seed,https://oneflow.readthedocs.io/en/master/generated/oneflow.manual_seed.html
oneflow.initial_seed,https://oneflow.readthedocs.io/en/master/generated/oneflow.initial_seed.html
oneflow.get_rng_state,https://oneflow.readthedocs.io/en/master/generated/oneflow.get_rng_state.html
oneflow.set_rng_state,https://oneflow.readthedocs.io/en/master/generated/oneflow.set_rng_state.html
oneflow.bernoulli,https://oneflow.readthedocs.io/en/master/generated/oneflow.bernoulli.html
oneflow.normal,https://oneflow.readthedocs.io/en/master/generated/oneflow.normal.html
oneflow.rand,https://oneflow.readthedocs.io/en/master/generated/oneflow.rand.html
oneflow.randint,https://oneflow.readthedocs.io/en/master/generated/oneflow.randint.html
oneflow.randn,https://oneflow.readthedocs.io/en/master/generated/oneflow.randn.html
oneflow.randperm,https://oneflow.readthedocs.io/en/master/generated/oneflow.randperm.html
oneflow.multinomial,https://oneflow.readthedocs.io/en/master/generated/oneflow.multinomial.html
oneflow.save,https://oneflow.readthedocs.io/en/master/generated/oneflow.save.html
oneflow.load,https://oneflow.readthedocs.io/en/master/generated/oneflow.load.html
oneflow.set_num_threads,https://oneflow.readthedocs.io/en/master/generated/oneflow.set_num_threads.html
oneflow.no_grad,https://oneflow.readthedocs.io/en/master/generated/oneflow.no_grad.html
oneflow.set_grad_enabled,https://oneflow.readthedocs.io/en/master/generated/oneflow.set_grad_enabled.html
oneflow.enable_grad,https://oneflow.readthedocs.io/en/master/generated/oneflow.enable_grad.html
oneflow.is_grad_enabled,https://oneflow.readthedocs.io/en/master/generated/oneflow.is_grad_enabled.html
oneflow.inference_mode,https://oneflow.readthedocs.io/en/master/generated/oneflow.inference_mode.html
oneflow.abs,https://oneflow.readthedocs.io/en/master/generated/oneflow.abs.html
oneflow.acos,https://oneflow.readthedocs.io/en/master/generated/oneflow.acos.html
oneflow.acosh,https://oneflow.readthedocs.io/en/master/generated/oneflow.acosh.html
oneflow.arccos,https://oneflow.readthedocs.io/en/master/generated/oneflow.arccos.html
oneflow.arccosh,https://oneflow.readthedocs.io/en/master/generated/oneflow.arccosh.html
oneflow.add,https://oneflow.readthedocs.io/en/master/generated/oneflow.add.html
oneflow.addcdiv,https://oneflow.readthedocs.io/en/master/generated/oneflow.addcdiv.html
oneflow.addcmul,https://oneflow.readthedocs.io/en/master/generated/oneflow.addcmul.html
oneflow.asin,https://oneflow.readthedocs.io/en/master/generated/oneflow.asin.html
oneflow.asinh,https://oneflow.readthedocs.io/en/master/generated/oneflow.asinh.html
oneflow.arcsin,https://oneflow.readthedocs.io/en/master/generated/oneflow.arcsin.html
oneflow.arcsinh,https://oneflow.readthedocs.io/en/master/generated/oneflow.arcsinh.html
oneflow.atan,https://oneflow.readthedocs.io/en/master/generated/oneflow.atan.html
oneflow.atanh,https://oneflow.readthedocs.io/en/master/generated/oneflow.atanh.html
oneflow.arctan,https://oneflow.readthedocs.io/en/master/generated/oneflow.arctan.html
oneflow.arctanh,https://oneflow.readthedocs.io/en/master/generated/oneflow.arctanh.html
oneflow.atan2,https://oneflow.readthedocs.io/en/master/generated/oneflow.atan2.html
oneflow.ceil,https://oneflow.readthedocs.io/en/master/generated/oneflow.ceil.html
oneflow.ceil_,https://oneflow.readthedocs.io/en/master/generated/oneflow.ceil_.html
oneflow.clamp,https://oneflow.readthedocs.io/en/master/generated/oneflow.clamp.html
oneflow.clamp_min,https://oneflow.readthedocs.io/en/master/generated/oneflow.clamp_min.html
oneflow.clamp_max,https://oneflow.readthedocs.io/en/master/generated/oneflow.clamp_max.html
oneflow.clip,https://oneflow.readthedocs.io/en/master/generated/oneflow.clip.html
oneflow.cos,https://oneflow.readthedocs.io/en/master/generated/oneflow.cos.html
oneflow.cosh,https://oneflow.readthedocs.io/en/master/generated/oneflow.cosh.html
oneflow.div,https://oneflow.readthedocs.io/en/master/generated/oneflow.div.html
oneflow.erf,https://oneflow.readthedocs.io/en/master/generated/oneflow.erf.html
oneflow.erfc,https://oneflow.readthedocs.io/en/master/generated/oneflow.erfc.html
oneflow.erfinv,https://oneflow.readthedocs.io/en/master/generated/oneflow.erfinv.html
oneflow.exp,https://oneflow.readthedocs.io/en/master/generated/oneflow.exp.html
oneflow.expm1,https://oneflow.readthedocs.io/en/master/generated/oneflow.expm1.html
oneflow.floor,https://oneflow.readthedocs.io/en/master/generated/oneflow.floor.html
oneflow.floor_,https://oneflow.readthedocs.io/en/master/generated/oneflow.floor_.html
oneflow.frac,https://oneflow.readthedocs.io/en/master/generated/oneflow.frac.html
oneflow.frac_,https://oneflow.readthedocs.io/en/master/generated/oneflow.frac_.html
oneflow.fmod,https://oneflow.readthedocs.io/en/master/generated/oneflow.fmod.html
oneflow.gelu,https://oneflow.readthedocs.io/en/master/generated/oneflow.gelu.html
oneflow.quick_gelu,https://oneflow.readthedocs.io/en/master/generated/oneflow.quick_gelu.html
oneflow.square_relu,https://oneflow.readthedocs.io/en/master/generated/oneflow.square_relu.html
oneflow.log,https://oneflow.readthedocs.io/en/master/generated/oneflow.log.html
oneflow.log1p,https://oneflow.readthedocs.io/en/master/generated/oneflow.log1p.html
oneflow.log2,https://oneflow.readthedocs.io/en/master/generated/oneflow.log2.html
oneflow.log10,https://oneflow.readthedocs.io/en/master/generated/oneflow.log10.html
oneflow.logical_and,https://oneflow.readthedocs.io/en/master/generated/oneflow.logical_and.html
oneflow.logical_not,https://oneflow.readthedocs.io/en/master/generated/oneflow.logical_not.html
oneflow.logical_or,https://oneflow.readthedocs.io/en/master/generated/oneflow.logical_or.html
oneflow.logical_xor,https://oneflow.readthedocs.io/en/master/generated/oneflow.logical_xor.html
oneflow.bitwise_and,https://oneflow.readthedocs.io/en/master/generated/oneflow.bitwise_and.html
oneflow.bitwise_or,https://oneflow.readthedocs.io/en/master/generated/oneflow.bitwise_or.html
oneflow.bitwise_xor,https://oneflow.readthedocs.io/en/master/generated/oneflow.bitwise_xor.html
oneflow.bitwise_not,https://oneflow.readthedocs.io/en/master/generated/oneflow.bitwise_not.html
oneflow.mish,https://oneflow.readthedocs.io/en/master/generated/oneflow.mish.html
oneflow.mul,https://oneflow.readthedocs.io/en/master/generated/oneflow.mul.html
oneflow.neg,https://oneflow.readthedocs.io/en/master/generated/oneflow.neg.html
oneflow.negative,https://oneflow.readthedocs.io/en/master/generated/oneflow.negative.html
oneflow.pow,https://oneflow.readthedocs.io/en/master/generated/oneflow.pow.html
oneflow.reciprocal,https://oneflow.readthedocs.io/en/master/generated/oneflow.reciprocal.html
oneflow.round,https://oneflow.readthedocs.io/en/master/generated/oneflow.round.html
oneflow.round_,https://oneflow.readthedocs.io/en/master/generated/oneflow.round_.html
oneflow.rsqrt,https://oneflow.readthedocs.io/en/master/generated/oneflow.rsqrt.html
oneflow.selu,https://oneflow.readthedocs.io/en/master/generated/oneflow.selu.html
oneflow.softmax,https://oneflow.readthedocs.io/en/master/generated/oneflow.softmax.html
oneflow.softplus,https://oneflow.readthedocs.io/en/master/generated/oneflow.softplus.html
oneflow.softsign,https://oneflow.readthedocs.io/en/master/generated/oneflow.softsign.html
oneflow.silu,https://oneflow.readthedocs.io/en/master/generated/oneflow.silu.html
oneflow.sigmoid,https://oneflow.readthedocs.io/en/master/generated/oneflow.sigmoid.html
oneflow.sign,https://oneflow.readthedocs.io/en/master/generated/oneflow.sign.html
oneflow.sin,https://oneflow.readthedocs.io/en/master/generated/oneflow.sin.html
oneflow.sinh,https://oneflow.readthedocs.io/en/master/generated/oneflow.sinh.html
oneflow.sin_,https://oneflow.readthedocs.io/en/master/generated/oneflow.sin_.html
oneflow.sqrt,https://oneflow.readthedocs.io/en/master/generated/oneflow.sqrt.html
oneflow.square,https://oneflow.readthedocs.io/en/master/generated/oneflow.square.html
oneflow.sub,https://oneflow.readthedocs.io/en/master/generated/oneflow.sub.html
oneflow.tan,https://oneflow.readthedocs.io/en/master/generated/oneflow.tan.html
oneflow.tanh,https://oneflow.readthedocs.io/en/master/generated/oneflow.tanh.html
oneflow.trunc,https://oneflow.readthedocs.io/en/master/generated/oneflow.trunc.html
oneflow.floor_divide,https://oneflow.readthedocs.io/en/master/generated/oneflow.floor_divide.html
oneflow.lerp,https://oneflow.readthedocs.io/en/master/generated/oneflow.lerp.html
oneflow.lerp_,https://oneflow.readthedocs.io/en/master/generated/oneflow.lerp_.html
oneflow.quantile,https://oneflow.readthedocs.io/en/master/generated/oneflow.quantile.html
oneflow.argmax,https://oneflow.readthedocs.io/en/master/generated/oneflow.argmax.html
oneflow.argmin,https://oneflow.readthedocs.io/en/master/generated/oneflow.argmin.html
oneflow.amax,https://oneflow.readthedocs.io/en/master/generated/oneflow.amax.html
oneflow.amin,https://oneflow.readthedocs.io/en/master/generated/oneflow.amin.html
oneflow.any,https://oneflow.readthedocs.io/en/master/generated/oneflow.any.html
oneflow.max,https://oneflow.readthedocs.io/en/master/generated/oneflow.max.html
oneflow.min,https://oneflow.readthedocs.io/en/master/generated/oneflow.min.html
oneflow.mean,https://oneflow.readthedocs.io/en/master/generated/oneflow.mean.html
oneflow.median,https://oneflow.readthedocs.io/en/master/generated/oneflow.median.html
oneflow.mode,https://oneflow.readthedocs.io/en/master/generated/oneflow.mode.html
oneflow.prod,https://oneflow.readthedocs.io/en/master/generated/oneflow.prod.html
oneflow.nansum,https://oneflow.readthedocs.io/en/master/generated/oneflow.nansum.html
oneflow.std,https://oneflow.readthedocs.io/en/master/generated/oneflow.std.html
oneflow.sum,https://oneflow.readthedocs.io/en/master/generated/oneflow.sum.html
oneflow.logsumexp,https://oneflow.readthedocs.io/en/master/generated/oneflow.logsumexp.html
oneflow.var,https://oneflow.readthedocs.io/en/master/generated/oneflow.var.html
oneflow.norm,https://oneflow.readthedocs.io/en/master/generated/oneflow.norm.html
oneflow.all,https://oneflow.readthedocs.io/en/master/generated/oneflow.all.html
oneflow.argsort,https://oneflow.readthedocs.io/en/master/generated/oneflow.argsort.html
oneflow.eq,https://oneflow.readthedocs.io/en/master/generated/oneflow.eq.html
oneflow.equal,https://oneflow.readthedocs.io/en/master/generated/oneflow.equal.html
oneflow.gt,https://oneflow.readthedocs.io/en/master/generated/oneflow.gt.html
oneflow.isinf,https://oneflow.readthedocs.io/en/master/generated/oneflow.isinf.html
oneflow.isnan,https://oneflow.readthedocs.io/en/master/generated/oneflow.isnan.html
oneflow.le,https://oneflow.readthedocs.io/en/master/generated/oneflow.le.html
oneflow.lt,https://oneflow.readthedocs.io/en/master/generated/oneflow.lt.html
oneflow.ne,https://oneflow.readthedocs.io/en/master/generated/oneflow.ne.html
oneflow.sort,https://oneflow.readthedocs.io/en/master/generated/oneflow.sort.html
oneflow.topk,https://oneflow.readthedocs.io/en/master/generated/oneflow.topk.html
oneflow.ge,https://oneflow.readthedocs.io/en/master/generated/oneflow.ge.html
oneflow.greater,https://oneflow.readthedocs.io/en/master/generated/oneflow.greater.html
oneflow.greater_equal,https://oneflow.readthedocs.io/en/master/generated/oneflow.greater_equal.html
oneflow.maximum,https://oneflow.readthedocs.io/en/master/generated/oneflow.maximum.html
oneflow.minimum,https://oneflow.readthedocs.io/en/master/generated/oneflow.minimum.html
oneflow.not_equal,https://oneflow.readthedocs.io/en/master/generated/oneflow.not_equal.html
oneflow.isclose,https://oneflow.readthedocs.io/en/master/generated/oneflow.isclose.html
oneflow.allclose,https://oneflow.readthedocs.io/en/master/generated/oneflow.allclose.html
oneflow.hann_window,https://oneflow.readthedocs.io/en/master/generated/oneflow.hann_window.html
oneflow.adaptive_avg_pool1d,https://oneflow.readthedocs.io/en/master/generated/oneflow.adaptive_avg_pool1d.html
oneflow.adaptive_avg_pool2d,https://oneflow.readthedocs.io/en/master/generated/oneflow.adaptive_avg_pool2d.html
oneflow.adaptive_avg_pool3d,https://oneflow.readthedocs.io/en/master/generated/oneflow.adaptive_avg_pool3d.html
oneflow.broadcast_like,https://oneflow.readthedocs.io/en/master/generated/oneflow.broadcast_like.html
oneflow.cast,https://oneflow.readthedocs.io/en/master/generated/oneflow.cast.html
oneflow.cumprod,https://oneflow.readthedocs.io/en/master/generated/oneflow.cumprod.html
oneflow.cumsum,https://oneflow.readthedocs.io/en/master/generated/oneflow.cumsum.html
oneflow.diag,https://oneflow.readthedocs.io/en/master/generated/oneflow.diag.html
oneflow.diagonal,https://oneflow.readthedocs.io/en/master/generated/oneflow.diagonal.html
oneflow.einsum,https://oneflow.readthedocs.io/en/master/generated/oneflow.einsum.html
oneflow.flatten,https://oneflow.readthedocs.io/en/master/generated/oneflow.flatten.html
oneflow.flip,https://oneflow.readthedocs.io/en/master/generated/oneflow.flip.html
oneflow.in_top_k,https://oneflow.readthedocs.io/en/master/generated/oneflow.in_top_k.html
oneflow.meshgrid,https://oneflow.readthedocs.io/en/master/generated/oneflow.meshgrid.html
oneflow.nms,https://oneflow.readthedocs.io/en/master/generated/oneflow.nms.html
oneflow.roc_auc_score,https://oneflow.readthedocs.io/en/master/generated/oneflow.roc_auc_score.html
oneflow.roll,https://oneflow.readthedocs.io/en/master/generated/oneflow.roll.html
oneflow.searchsorted,https://oneflow.readthedocs.io/en/master/generated/oneflow.searchsorted.html
oneflow.tensordot,https://oneflow.readthedocs.io/en/master/generated/oneflow.tensordot.html
oneflow.tril,https://oneflow.readthedocs.io/en/master/generated/oneflow.tril.html
oneflow.repeat_interleave,https://oneflow.readthedocs.io/en/master/generated/oneflow.repeat_interleave.html
oneflow.triu,https://oneflow.readthedocs.io/en/master/generated/oneflow.triu.html
oneflow.cross,https://oneflow.readthedocs.io/en/master/generated/oneflow.cross.html
oneflow.bincount,https://oneflow.readthedocs.io/en/master/generated/oneflow.bincount.html
oneflow.broadcast_shapes,https://oneflow.readthedocs.io/en/master/generated/oneflow.broadcast_shapes.html
oneflow.broadcast_tensors,https://oneflow.readthedocs.io/en/master/generated/oneflow.broadcast_tensors.html
oneflow.broadcast_to,https://oneflow.readthedocs.io/en/master/generated/oneflow.broadcast_to.html
oneflow.unique,https://oneflow.readthedocs.io/en/master/generated/oneflow.unique.html
oneflow.addmm,https://oneflow.readthedocs.io/en/master/generated/oneflow.addmm.html
oneflow.bmm,https://oneflow.readthedocs.io/en/master/generated/oneflow.bmm.html
oneflow.baddbmm,https://oneflow.readthedocs.io/en/master/generated/oneflow.baddbmm.html
oneflow.dot,https://oneflow.readthedocs.io/en/master/generated/oneflow.dot.html
oneflow.matmul,https://oneflow.readthedocs.io/en/master/generated/oneflow.matmul.html
oneflow.mm,https://oneflow.readthedocs.io/en/master/generated/oneflow.mm.html
oneflow.mv,https://oneflow.readthedocs.io/en/master/generated/oneflow.mv.html
oneflow.nn.Parameter,https://oneflow.readthedocs.io/en/master/generated/oneflow.nn.Parameter.html
oneflow.nn.Module,https://oneflow.readthedocs.io/en/master/generated/oneflow.nn.Module.html
oneflow.nn.Sequential,https://oneflow.readthedocs.io/en/master/generated/oneflow.nn.Sequential.html
oneflow.nn.ModuleList,https://oneflow.readthedocs.io/en/master/generated/oneflow.nn.ModuleList.html
oneflow.nn.ModuleDict,https://oneflow.readthedocs.io/en/master/generated/oneflow.nn.ModuleDict.html
oneflow.nn.ParameterList,https://oneflow.readthedocs.io/en/master/generated/oneflow.nn.ParameterList.html
oneflow.nn.ParameterDict,https://oneflow.readthedocs.io/en/master/generated/oneflow.nn.ParameterDict.html
oneflow.nn.Module.add_module,https://oneflow.readthedocs.io/en/master/generated/oneflow.nn.Module.add_module.html
oneflow.nn.Module.apply,https://oneflow.readthedocs.io/en/master/generated/oneflow.nn.Module.apply.html
oneflow.nn.Module.buffers,https://oneflow.readthedocs.io/en/master/generated/oneflow.nn.Module.buffers.html
oneflow.nn.Module.children,https://oneflow.readthedocs.io/en/master/generated/oneflow.nn.Module.children.html
oneflow.nn.Module.cpu,https://oneflow.readthedocs.io/en/master/generated/oneflow.nn.Module.cpu.html
oneflow.nn.Module.cuda,https://oneflow.readthedocs.io/en/master/generated/oneflow.nn.Module.cuda.html
oneflow.nn.Module.double,https://oneflow.readthedocs.io/en/master/generated/oneflow.nn.Module.double.html
oneflow.nn.Module.train,https://oneflow.readthedocs.io/en/master/generated/oneflow.nn.Module.train.html
oneflow.nn.Module.eval,https://oneflow.readthedocs.io/en/master/generated/oneflow.nn.Module.eval.html
oneflow.nn.Module.extra_repr,https://oneflow.readthedocs.io/en/master/generated/oneflow.nn.Module.extra_repr.html
oneflow.nn.Module.float,https://oneflow.readthedocs.io/en/master/generated/oneflow.nn.Module.float.html
oneflow.nn.Module.forward,https://oneflow.readthedocs.io/en/master/generated/oneflow.nn.Module.forward.html
oneflow.nn.Module.load_state_dict,https://oneflow.readthedocs.io/en/master/generated/oneflow.nn.Module.load_state_dict.html
oneflow.nn.Module.modules,https://oneflow.readthedocs.io/en/master/generated/oneflow.nn.Module.modules.html
oneflow.nn.Module.named_buffers,https://oneflow.readthedocs.io/en/master/generated/oneflow.nn.Module.named_buffers.html
oneflow.nn.Module.named_children,https://oneflow.readthedocs.io/en/master/generated/oneflow.nn.Module.named_children.html
oneflow.nn.Module.named_modules,https://oneflow.readthedocs.io/en/master/generated/oneflow.nn.Module.named_modules.html
oneflow.nn.Module.named_parameters,https://oneflow.readthedocs.io/en/master/generated/oneflow.nn.Module.named_parameters.html
oneflow.nn.Module.parameters,https://oneflow.readthedocs.io/en/master/generated/oneflow.nn.Module.parameters.html
oneflow.nn.Module.register_buffer,https://oneflow.readthedocs.io/en/master/generated/oneflow.nn.Module.register_buffer.html
oneflow.nn.Module.register_forward_hook,https://oneflow.readthedocs.io/en/master/generated/oneflow.nn.Module.register_forward_hook.html
oneflow.nn.Module.register_forward_pre_hook,https://oneflow.readthedocs.io/en/master/generated/oneflow.nn.Module.register_forward_pre_hook.html
oneflow.nn.Module.register_backward_hook,https://oneflow.readthedocs.io/en/master/generated/oneflow.nn.Module.register_backward_hook.html
oneflow.nn.Module.register_full_backward_hook,https://oneflow.readthedocs.io/en/master/generated/oneflow.nn.Module.register_full_backward_hook.html
oneflow.nn.Module.register_state_dict_pre_hook,https://oneflow.readthedocs.io/en/master/generated/oneflow.nn.Module.register_state_dict_pre_hook.html
oneflow.nn.Module.register_parameter,https://oneflow.readthedocs.io/en/master/generated/oneflow.nn.Module.register_parameter.html
oneflow.nn.Module.requires_grad_,https://oneflow.readthedocs.io/en/master/generated/oneflow.nn.Module.requires_grad_.html
oneflow.nn.Module.state_dict,https://oneflow.readthedocs.io/en/master/generated/oneflow.nn.Module.state_dict.html
oneflow.nn.Module.to,https://oneflow.readthedocs.io/en/master/generated/oneflow.nn.Module.to.html
oneflow.nn.Module.zero_grad,https://oneflow.readthedocs.io/en/master/generated/oneflow.nn.Module.zero_grad.html
oneflow.nn.Conv1d,https://oneflow.readthedocs.io/en/master/generated/oneflow.nn.Conv1d.html
oneflow.nn.Conv2d,https://oneflow.readthedocs.io/en/master/generated/oneflow.nn.Conv2d.html
oneflow.nn.Conv3d,https://oneflow.readthedocs.io/en/master/generated/oneflow.nn.Conv3d.html
oneflow.nn.ConvTranspose1d,https://oneflow.readthedocs.io/en/master/generated/oneflow.nn.ConvTranspose1d.html
oneflow.nn.ConvTranspose2d,https://oneflow.readthedocs.io/en/master/generated/oneflow.nn.ConvTranspose2d.html
oneflow.nn.ConvTranspose3d,https://oneflow.readthedocs.io/en/master/generated/oneflow.nn.ConvTranspose3d.html
oneflow.nn.Unfold,https://oneflow.readthedocs.io/en/master/generated/oneflow.nn.Unfold.html
oneflow.nn.Fold,https://oneflow.readthedocs.io/en/master/generated/oneflow.nn.Fold.html
oneflow.nn.MaxPool1d,https://oneflow.readthedocs.io/en/master/generated/oneflow.nn.MaxPool1d.html
oneflow.nn.MaxPool2d,https://oneflow.readthedocs.io/en/master/generated/oneflow.nn.MaxPool2d.html
oneflow.nn.MaxPool3d,https://oneflow.readthedocs.io/en/master/generated/oneflow.nn.MaxPool3d.html
oneflow.nn.MaxUnpool1d,https://oneflow.readthedocs.io/en/master/generated/oneflow.nn.MaxUnpool1d.html
oneflow.nn.MaxUnpool2d,https://oneflow.readthedocs.io/en/master/generated/oneflow.nn.MaxUnpool2d.html
oneflow.nn.MaxUnpool3d,https://oneflow.readthedocs.io/en/master/generated/oneflow.nn.MaxUnpool3d.html
oneflow.nn.AdaptiveAvgPool1d,https://oneflow.readthedocs.io/en/master/generated/oneflow.nn.AdaptiveAvgPool1d.html
oneflow.nn.AdaptiveAvgPool2d,https://oneflow.readthedocs.io/en/master/generated/oneflow.nn.AdaptiveAvgPool2d.html
oneflow.nn.AdaptiveAvgPool3d,https://oneflow.readthedocs.io/en/master/generated/oneflow.nn.AdaptiveAvgPool3d.html
oneflow.nn.AdaptiveMaxPool1d,https://oneflow.readthedocs.io/en/master/generated/oneflow.nn.AdaptiveMaxPool1d.html
oneflow.nn.AdaptiveMaxPool2d,https://oneflow.readthedocs.io/en/master/generated/oneflow.nn.AdaptiveMaxPool2d.html
oneflow.nn.AdaptiveMaxPool3d,https://oneflow.readthedocs.io/en/master/generated/oneflow.nn.AdaptiveMaxPool3d.html
oneflow.nn.AvgPool1d,https://oneflow.readthedocs.io/en/master/generated/oneflow.nn.AvgPool1d.html
oneflow.nn.AvgPool2d,https://oneflow.readthedocs.io/en/master/generated/oneflow.nn.AvgPool2d.html
oneflow.nn.AvgPool3d,https://oneflow.readthedocs.io/en/master/generated/oneflow.nn.AvgPool3d.html
oneflow.nn.ConstantPad1d,https://oneflow.readthedocs.io/en/master/generated/oneflow.nn.ConstantPad1d.html
oneflow.nn.ConstantPad2d,https://oneflow.readthedocs.io/en/master/generated/oneflow.nn.ConstantPad2d.html
oneflow.nn.ConstantPad3d,https://oneflow.readthedocs.io/en/master/generated/oneflow.nn.ConstantPad3d.html
oneflow.nn.ReflectionPad1d,https://oneflow.readthedocs.io/en/master/generated/oneflow.nn.ReflectionPad1d.html
oneflow.nn.ReflectionPad2d,https://oneflow.readthedocs.io/en/master/generated/oneflow.nn.ReflectionPad2d.html
oneflow.nn.ReplicationPad1d,https://oneflow.readthedocs.io/en/master/generated/oneflow.nn.ReplicationPad1d.html
oneflow.nn.ReplicationPad2d,https://oneflow.readthedocs.io/en/master/generated/oneflow.nn.ReplicationPad2d.html
oneflow.nn.ZeroPad2d,https://oneflow.readthedocs.io/en/master/generated/oneflow.nn.ZeroPad2d.html
oneflow.nn.ELU,https://oneflow.readthedocs.io/en/master/generated/oneflow.nn.ELU.html
oneflow.nn.Hardshrink,https://oneflow.readthedocs.io/en/master/generated/oneflow.nn.Hardshrink.html
oneflow.nn.Hardsigmoid,https://oneflow.readthedocs.io/en/master/generated/oneflow.nn.Hardsigmoid.html
oneflow.nn.Hardswish,https://oneflow.readthedocs.io/en/master/generated/oneflow.nn.Hardswish.html
oneflow.nn.Hardtanh,https://oneflow.readthedocs.io/en/master/generated/oneflow.nn.Hardtanh.html
oneflow.nn.LeakyReLU,https://oneflow.readthedocs.io/en/master/generated/oneflow.nn.LeakyReLU.html
oneflow.nn.LogSigmoid,https://oneflow.readthedocs.io/en/master/generated/oneflow.nn.LogSigmoid.html
oneflow.nn.PReLU,https://oneflow.readthedocs.io/en/master/generated/oneflow.nn.PReLU.html
oneflow.nn.ReLU,https://oneflow.readthedocs.io/en/master/generated/oneflow.nn.ReLU.html
oneflow.nn.ReLU6,https://oneflow.readthedocs.io/en/master/generated/oneflow.nn.ReLU6.html
oneflow.nn.SELU,https://oneflow.readthedocs.io/en/master/generated/oneflow.nn.SELU.html
oneflow.nn.CELU,https://oneflow.readthedocs.io/en/master/generated/oneflow.nn.CELU.html
oneflow.nn.GELU,https://oneflow.readthedocs.io/en/master/generated/oneflow.nn.GELU.html
oneflow.nn.QuickGELU,https://oneflow.readthedocs.io/en/master/generated/oneflow.nn.QuickGELU.html
oneflow.nn.SquareReLU,https://oneflow.readthedocs.io/en/master/generated/oneflow.nn.SquareReLU.html
oneflow.nn.SiLU,https://oneflow.readthedocs.io/en/master/generated/oneflow.nn.SiLU.html
oneflow.nn.Sigmoid,https://oneflow.readthedocs.io/en/master/generated/oneflow.nn.Sigmoid.html
oneflow.nn.Mish,https://oneflow.readthedocs.io/en/master/generated/oneflow.nn.Mish.html
oneflow.nn.Softplus,https://oneflow.readthedocs.io/en/master/generated/oneflow.nn.Softplus.html
oneflow.nn.Softshrink,https://oneflow.readthedocs.io/en/master/generated/oneflow.nn.Softshrink.html
oneflow.nn.Softsign,https://oneflow.readthedocs.io/en/master/generated/oneflow.nn.Softsign.html
oneflow.nn.Tanh,https://oneflow.readthedocs.io/en/master/generated/oneflow.nn.Tanh.html
oneflow.nn.Threshold,https://oneflow.readthedocs.io/en/master/generated/oneflow.nn.Threshold.html
oneflow.nn.GLU,https://oneflow.readthedocs.io/en/master/generated/oneflow.nn.GLU.html
oneflow.nn.Softmax,https://oneflow.readthedocs.io/en/master/generated/oneflow.nn.Softmax.html
oneflow.nn.LogSoftmax,https://oneflow.readthedocs.io/en/master/generated/oneflow.nn.LogSoftmax.html
oneflow.nn.BatchNorm1d,https://oneflow.readthedocs.io/en/master/generated/oneflow.nn.BatchNorm1d.html
oneflow.nn.BatchNorm2d,https://oneflow.readthedocs.io/en/master/generated/oneflow.nn.BatchNorm2d.html
oneflow.nn.BatchNorm3d,https://oneflow.readthedocs.io/en/master/generated/oneflow.nn.BatchNorm3d.html
oneflow.nn.SyncBatchNorm,https://oneflow.readthedocs.io/en/master/generated/oneflow.nn.SyncBatchNorm.html
oneflow.nn.FusedBatchNorm1d,https://oneflow.readthedocs.io/en/master/generated/oneflow.nn.FusedBatchNorm1d.html
oneflow.nn.FusedBatchNorm2d,https://oneflow.readthedocs.io/en/master/generated/oneflow.nn.FusedBatchNorm2d.html
oneflow.nn.FusedBatchNorm3d,https://oneflow.readthedocs.io/en/master/generated/oneflow.nn.FusedBatchNorm3d.html
oneflow.nn.GroupNorm,https://oneflow.readthedocs.io/en/master/generated/oneflow.nn.GroupNorm.html
oneflow.nn.InstanceNorm1d,https://oneflow.readthedocs.io/en/master/generated/oneflow.nn.InstanceNorm1d.html
oneflow.nn.InstanceNorm2d,https://oneflow.readthedocs.io/en/master/generated/oneflow.nn.InstanceNorm2d.html
oneflow.nn.InstanceNorm3d,https://oneflow.readthedocs.io/en/master/generated/oneflow.nn.InstanceNorm3d.html
oneflow.nn.LayerNorm,https://oneflow.readthedocs.io/en/master/generated/oneflow.nn.LayerNorm.html
oneflow.nn.RMSLayerNorm,https://oneflow.readthedocs.io/en/master/generated/oneflow.nn.RMSLayerNorm.html
oneflow.nn.RMSNorm,https://oneflow.readthedocs.io/en/master/generated/oneflow.nn.RMSNorm.html
oneflow.nn.RNN,https://oneflow.readthedocs.io/en/master/generated/oneflow.nn.RNN.html
oneflow.nn.LSTM,https://oneflow.readthedocs.io/en/master/generated/oneflow.nn.LSTM.html
oneflow.nn.GRU,https://oneflow.readthedocs.io/en/master/generated/oneflow.nn.GRU.html
oneflow.nn.RNNCell,https://oneflow.readthedocs.io/en/master/generated/oneflow.nn.RNNCell.html
oneflow.nn.LSTMCell,https://oneflow.readthedocs.io/en/master/generated/oneflow.nn.LSTMCell.html
oneflow.nn.GRUCell,https://oneflow.readthedocs.io/en/master/generated/oneflow.nn.GRUCell.html
oneflow.nn.Identity,https://oneflow.readthedocs.io/en/master/generated/oneflow.nn.Identity.html
oneflow.nn.Linear,https://oneflow.readthedocs.io/en/master/generated/oneflow.nn.Linear.html
oneflow.nn.Dropout,https://oneflow.readthedocs.io/en/master/generated/oneflow.nn.Dropout.html
oneflow.nn.Dropout1d,https://oneflow.readthedocs.io/en/master/generated/oneflow.nn.Dropout1d.html
oneflow.nn.Dropout2d,https://oneflow.readthedocs.io/en/master/generated/oneflow.nn.Dropout2d.html
oneflow.nn.Dropout3d,https://oneflow.readthedocs.io/en/master/generated/oneflow.nn.Dropout3d.html
oneflow.nn.Embedding,https://oneflow.readthedocs.io/en/master/generated/oneflow.nn.Embedding.html
oneflow.nn.CosineSimilarity,https://oneflow.readthedocs.io/en/master/generated/oneflow.nn.CosineSimilarity.html
oneflow.nn.PairwiseDistance,https://oneflow.readthedocs.io/en/master/generated/oneflow.nn.PairwiseDistance.html
oneflow.nn.BCELoss,https://oneflow.readthedocs.io/en/master/generated/oneflow.nn.BCELoss.html
oneflow.nn.BCEWithLogitsLoss,https://oneflow.readthedocs.io/en/master/generated/oneflow.nn.BCEWithLogitsLoss.html
oneflow.nn.CTCLoss,https://oneflow.readthedocs.io/en/master/generated/oneflow.nn.CTCLoss.html
oneflow.nn.CombinedMarginLoss,https://oneflow.readthedocs.io/en/master/generated/oneflow.nn.CombinedMarginLoss.html
oneflow.nn.CrossEntropyLoss,https://oneflow.readthedocs.io/en/master/generated/oneflow.nn.CrossEntropyLoss.html
oneflow.nn.KLDivLoss,https://oneflow.readthedocs.io/en/master/generated/oneflow.nn.KLDivLoss.html
oneflow.nn.L1Loss,https://oneflow.readthedocs.io/en/master/generated/oneflow.nn.L1Loss.html
oneflow.nn.MSELoss,https://oneflow.readthedocs.io/en/master/generated/oneflow.nn.MSELoss.html
oneflow.nn.MarginRankingLoss,https://oneflow.readthedocs.io/en/master/generated/oneflow.nn.MarginRankingLoss.html
oneflow.nn.NLLLoss,https://oneflow.readthedocs.io/en/master/generated/oneflow.nn.NLLLoss.html
oneflow.nn.SmoothL1Loss,https://oneflow.readthedocs.io/en/master/generated/oneflow.nn.SmoothL1Loss.html
oneflow.nn.TripletMarginLoss,https://oneflow.readthedocs.io/en/master/generated/oneflow.nn.TripletMarginLoss.html
oneflow.nn.PixelShuffle,https://oneflow.readthedocs.io/en/master/generated/oneflow.nn.PixelShuffle.html
oneflow.nn.Upsample,https://oneflow.readthedocs.io/en/master/generated/oneflow.nn.Upsample.html
oneflow.nn.UpsamplingBilinear2d,https://oneflow.readthedocs.io/en/master/generated/oneflow.nn.UpsamplingBilinear2d.html
oneflow.nn.UpsamplingNearest2d,https://oneflow.readthedocs.io/en/master/generated/oneflow.nn.UpsamplingNearest2d.html
oneflow.nn.parallel.DistributedDataParallel,https://oneflow.readthedocs.io/en/master/generated/oneflow.nn.parallel.DistributedDataParallel.html
oneflow.nn.COCOReader,https://oneflow.readthedocs.io/en/master/generated/oneflow.nn.COCOReader.html
oneflow.nn.CoinFlip,https://oneflow.readthedocs.io/en/master/generated/oneflow.nn.CoinFlip.html
oneflow.nn.CropMirrorNormalize,https://oneflow.readthedocs.io/en/master/generated/oneflow.nn.CropMirrorNormalize.html
oneflow.nn.OFRecordBytesDecoder,https://oneflow.readthedocs.io/en/master/generated/oneflow.nn.OFRecordBytesDecoder.html
oneflow.nn.OFRecordImageDecoder,https://oneflow.readthedocs.io/en/master/generated/oneflow.nn.OFRecordImageDecoder.html
oneflow.nn.OFRecordImageDecoderRandomCrop,https://oneflow.readthedocs.io/en/master/generated/oneflow.nn.OFRecordImageDecoderRandomCrop.html
oneflow.nn.OFRecordRawDecoder,https://oneflow.readthedocs.io/en/master/generated/oneflow.nn.OFRecordRawDecoder.html
oneflow.nn.OFRecordReader,https://oneflow.readthedocs.io/en/master/generated/oneflow.nn.OFRecordReader.html
oneflow.nn.MinMaxObserver,https://oneflow.readthedocs.io/en/master/generated/oneflow.nn.MinMaxObserver.html
oneflow.nn.MovingAverageMinMaxObserver,https://oneflow.readthedocs.io/en/master/generated/oneflow.nn.MovingAverageMinMaxObserver.html
oneflow.nn.FakeQuantization,https://oneflow.readthedocs.io/en/master/generated/oneflow.nn.FakeQuantization.html
oneflow.nn.QatConv1d,https://oneflow.readthedocs.io/en/master/generated/oneflow.nn.QatConv1d.html
oneflow.nn.QatConv2d,https://oneflow.readthedocs.io/en/master/generated/oneflow.nn.QatConv2d.html
oneflow.nn.QatConv3d,https://oneflow.readthedocs.io/en/master/generated/oneflow.nn.QatConv3d.html
oneflow.nn.utils.clip_grad_norm_,https://oneflow.readthedocs.io/en/master/generated/oneflow.nn.utils.clip_grad_norm_.html
oneflow.nn.utils.clip_grad_value_,https://oneflow.readthedocs.io/en/master/generated/oneflow.nn.utils.clip_grad_value_.html
oneflow.nn.utils.weight_norm,https://oneflow.readthedocs.io/en/master/generated/oneflow.nn.utils.weight_norm.html
oneflow.nn.utils.remove_weight_norm,https://oneflow.readthedocs.io/en/master/generated/oneflow.nn.utils.remove_weight_norm.html
oneflow.nn.utils.rnn.PackedSequence,https://oneflow.readthedocs.io/en/master/generated/oneflow.nn.utils.rnn.PackedSequence.html
oneflow.nn.utils.rnn.pack_padded_sequence,https://oneflow.readthedocs.io/en/master/generated/oneflow.nn.utils.rnn.pack_padded_sequence.html
oneflow.nn.utils.rnn.pad_packed_sequence,https://oneflow.readthedocs.io/en/master/generated/oneflow.nn.utils.rnn.pad_packed_sequence.html
oneflow.nn.utils.rnn.pad_sequence,https://oneflow.readthedocs.io/en/master/generated/oneflow.nn.utils.rnn.pad_sequence.html
oneflow.nn.utils.rnn.pack_sequence,https://oneflow.readthedocs.io/en/master/generated/oneflow.nn.utils.rnn.pack_sequence.html
oneflow.nn.Flatten,https://oneflow.readthedocs.io/en/master/generated/oneflow.nn.Flatten.html
oneflow.nn.FakeQuantization,https://oneflow.readthedocs.io/en/master/generated/oneflow.nn.FakeQuantization.html
oneflow.nn.MinMaxObserver,https://oneflow.readthedocs.io/en/master/generated/oneflow.nn.MinMaxObserver.html
oneflow.nn.MovingAverageMinMaxObserver,https://oneflow.readthedocs.io/en/master/generated/oneflow.nn.MovingAverageMinMaxObserver.html
oneflow.nn.Quantization,https://oneflow.readthedocs.io/en/master/generated/oneflow.nn.Quantization.html
oneflow.nn.functional.conv1d,https://oneflow.readthedocs.io/en/master/generated/oneflow.nn.functional.conv1d.html
oneflow.nn.functional.conv2d,https://oneflow.readthedocs.io/en/master/generated/oneflow.nn.functional.conv2d.html
oneflow.nn.functional.conv3d,https://oneflow.readthedocs.io/en/master/generated/oneflow.nn.functional.conv3d.html
oneflow.nn.functional.conv_transpose1d,https://oneflow.readthedocs.io/en/master/generated/oneflow.nn.functional.conv_transpose1d.html
oneflow.nn.functional.conv_transpose2d,https://oneflow.readthedocs.io/en/master/generated/oneflow.nn.functional.conv_transpose2d.html
oneflow.nn.functional.conv_transpose3d,https://oneflow.readthedocs.io/en/master/generated/oneflow.nn.functional.conv_transpose3d.html
oneflow.nn.functional.fold,https://oneflow.readthedocs.io/en/master/generated/oneflow.nn.functional.fold.html
oneflow.nn.functional.unfold,https://oneflow.readthedocs.io/en/master/generated/oneflow.nn.functional.unfold.html
oneflow.nn.functional.batch_norm,https://oneflow.readthedocs.io/en/master/generated/oneflow.nn.functional.batch_norm.html
oneflow.nn.functional.avg_pool1d,https://oneflow.readthedocs.io/en/master/generated/oneflow.nn.functional.avg_pool1d.html
oneflow.nn.functional.avg_pool2d,https://oneflow.readthedocs.io/en/master/generated/oneflow.nn.functional.avg_pool2d.html
oneflow.nn.functional.avg_pool3d,https://oneflow.readthedocs.io/en/master/generated/oneflow.nn.functional.avg_pool3d.html
oneflow.nn.functional.max_pool1d,https://oneflow.readthedocs.io/en/master/generated/oneflow.nn.functional.max_pool1d.html
oneflow.nn.functional.max_pool2d,https://oneflow.readthedocs.io/en/master/generated/oneflow.nn.functional.max_pool2d.html
oneflow.nn.functional.max_pool3d,https://oneflow.readthedocs.io/en/master/generated/oneflow.nn.functional.max_pool3d.html
oneflow.nn.functional.max_unpool1d,https://oneflow.readthedocs.io/en/master/generated/oneflow.nn.functional.max_unpool1d.html
oneflow.nn.functional.max_unpool2d,https://oneflow.readthedocs.io/en/master/generated/oneflow.nn.functional.max_unpool2d.html
oneflow.nn.functional.max_unpool3d,https://oneflow.readthedocs.io/en/master/generated/oneflow.nn.functional.max_unpool3d.html
oneflow.nn.functional.adaptive_avg_pool1d,https://oneflow.readthedocs.io/en/master/generated/oneflow.nn.functional.adaptive_avg_pool1d.html
oneflow.nn.functional.adaptive_avg_pool2d,https://oneflow.readthedocs.io/en/master/generated/oneflow.nn.functional.adaptive_avg_pool2d.html
oneflow.nn.functional.adaptive_avg_pool3d,https://oneflow.readthedocs.io/en/master/generated/oneflow.nn.functional.adaptive_avg_pool3d.html
oneflow.nn.functional.adaptive_max_pool1d,https://oneflow.readthedocs.io/en/master/generated/oneflow.nn.functional.adaptive_max_pool1d.html
oneflow.nn.functional.adaptive_max_pool2d,https://oneflow.readthedocs.io/en/master/generated/oneflow.nn.functional.adaptive_max_pool2d.html
oneflow.nn.functional.adaptive_max_pool3d,https://oneflow.readthedocs.io/en/master/generated/oneflow.nn.functional.adaptive_max_pool3d.html
oneflow.nn.functional.threshold,https://oneflow.readthedocs.io/en/master/generated/oneflow.nn.functional.threshold.html
oneflow.nn.functional.relu,https://oneflow.readthedocs.io/en/master/generated/oneflow.nn.functional.relu.html
oneflow.nn.functional.hardtanh,https://oneflow.readthedocs.io/en/master/generated/oneflow.nn.functional.hardtanh.html
oneflow.nn.functional.hardswish,https://oneflow.readthedocs.io/en/master/generated/oneflow.nn.functional.hardswish.html
oneflow.nn.functional.relu6,https://oneflow.readthedocs.io/en/master/generated/oneflow.nn.functional.relu6.html
oneflow.nn.functional.elu,https://oneflow.readthedocs.io/en/master/generated/oneflow.nn.functional.elu.html
oneflow.nn.functional.selu,https://oneflow.readthedocs.io/en/master/generated/oneflow.nn.functional.selu.html
oneflow.nn.functional.celu,https://oneflow.readthedocs.io/en/master/generated/oneflow.nn.functional.celu.html
oneflow.nn.functional.leaky_relu,https://oneflow.readthedocs.io/en/master/generated/oneflow.nn.functional.leaky_relu.html
oneflow.nn.functional.square_relu,https://oneflow.readthedocs.io/en/master/generated/oneflow.nn.functional.square_relu.html
oneflow.nn.functional.prelu,https://oneflow.readthedocs.io/en/master/generated/oneflow.nn.functional.prelu.html
oneflow.nn.functional.glu,https://oneflow.readthedocs.io/en/master/generated/oneflow.nn.functional.glu.html
oneflow.nn.functional.gelu,https://oneflow.readthedocs.io/en/master/generated/oneflow.nn.functional.gelu.html
oneflow.nn.functional.quick_gelu,https://oneflow.readthedocs.io/en/master/generated/oneflow.nn.functional.quick_gelu.html
oneflow.nn.functional.logsigmoid,https://oneflow.readthedocs.io/en/master/generated/oneflow.nn.functional.logsigmoid.html
oneflow.nn.functional.hardshrink,https://oneflow.readthedocs.io/en/master/generated/oneflow.nn.functional.hardshrink.html
oneflow.nn.functional.softsign,https://oneflow.readthedocs.io/en/master/generated/oneflow.nn.functional.softsign.html
oneflow.nn.functional.softplus,https://oneflow.readthedocs.io/en/master/generated/oneflow.nn.functional.softplus.html
oneflow.nn.functional.softmax,https://oneflow.readthedocs.io/en/master/generated/oneflow.nn.functional.softmax.html
oneflow.nn.functional.softshrink,https://oneflow.readthedocs.io/en/master/generated/oneflow.nn.functional.softshrink.html
oneflow.nn.functional.log_softmax,https://oneflow.readthedocs.io/en/master/generated/oneflow.nn.functional.log_softmax.html
oneflow.nn.functional.gumbel_softmax,https://oneflow.readthedocs.io/en/master/generated/oneflow.nn.functional.gumbel_softmax.html
oneflow.nn.functional.tanh,https://oneflow.readthedocs.io/en/master/generated/oneflow.nn.functional.tanh.html
oneflow.nn.functional.sigmoid,https://oneflow.readthedocs.io/en/master/generated/oneflow.nn.functional.sigmoid.html
oneflow.nn.functional.hardsigmoid,https://oneflow.readthedocs.io/en/master/generated/oneflow.nn.functional.hardsigmoid.html
oneflow.nn.functional.silu,https://oneflow.readthedocs.io/en/master/generated/oneflow.nn.functional.silu.html
oneflow.nn.functional.mish,https://oneflow.readthedocs.io/en/master/generated/oneflow.nn.functional.mish.html
oneflow.nn.functional.layer_norm,https://oneflow.readthedocs.io/en/master/generated/oneflow.nn.functional.layer_norm.html
oneflow.nn.functional.normalize,https://oneflow.readthedocs.io/en/master/generated/oneflow.nn.functional.normalize.html
oneflow.nn.functional.linear,https://oneflow.readthedocs.io/en/master/generated/oneflow.nn.functional.linear.html
oneflow.nn.functional.dropout,https://oneflow.readthedocs.io/en/master/generated/oneflow.nn.functional.dropout.html
oneflow.nn.functional.dropout1d,https://oneflow.readthedocs.io/en/master/generated/oneflow.nn.functional.dropout1d.html
oneflow.nn.functional.dropout2d,https://oneflow.readthedocs.io/en/master/generated/oneflow.nn.functional.dropout2d.html
oneflow.nn.functional.dropout3d,https://oneflow.readthedocs.io/en/master/generated/oneflow.nn.functional.dropout3d.html
oneflow.nn.functional.embedding,https://oneflow.readthedocs.io/en/master/generated/oneflow.nn.functional.embedding.html
oneflow.nn.functional.one_hot,https://oneflow.readthedocs.io/en/master/generated/oneflow.nn.functional.one_hot.html
oneflow.nn.functional.cosine_similarity,https://oneflow.readthedocs.io/en/master/generated/oneflow.nn.functional.cosine_similarity.html
oneflow.nn.functional.pairwise_distance,https://oneflow.readthedocs.io/en/master/generated/oneflow.nn.functional.pairwise_distance.html
oneflow.nn.functional.sparse_softmax_cross_entropy,https://oneflow.readthedocs.io/en/master/generated/oneflow.nn.functional.sparse_softmax_cross_entropy.html
oneflow.nn.functional.cross_entropy,https://oneflow.readthedocs.io/en/master/generated/oneflow.nn.functional.cross_entropy.html
oneflow.nn.functional.ctc_loss,https://oneflow.readthedocs.io/en/master/generated/oneflow.nn.functional.ctc_loss.html
oneflow.nn.functional.l1_loss,https://oneflow.readthedocs.io/en/master/generated/oneflow.nn.functional.l1_loss.html
oneflow.nn.functional.mse_loss,https://oneflow.readthedocs.io/en/master/generated/oneflow.nn.functional.mse_loss.html
oneflow.nn.functional.smooth_l1_loss,https://oneflow.readthedocs.io/en/master/generated/oneflow.nn.functional.smooth_l1_loss.html
oneflow.nn.functional.triplet_margin_loss,https://oneflow.readthedocs.io/en/master/generated/oneflow.nn.functional.triplet_margin_loss.html
oneflow.nn.functional.binary_cross_entropy,https://oneflow.readthedocs.io/en/master/generated/oneflow.nn.functional.binary_cross_entropy.html
oneflow.nn.functional.binary_cross_entropy_with_logits,https://oneflow.readthedocs.io/en/master/generated/oneflow.nn.functional.binary_cross_entropy_with_logits.html
oneflow.nn.functional.deform_conv2d,https://oneflow.readthedocs.io/en/master/generated/oneflow.nn.functional.deform_conv2d.html
oneflow.nn.functional.pad,https://oneflow.readthedocs.io/en/master/generated/oneflow.nn.functional.pad.html
oneflow.nn.functional.interpolate,https://oneflow.readthedocs.io/en/master/generated/oneflow.nn.functional.interpolate.html
oneflow.nn.functional.upsample,https://oneflow.readthedocs.io/en/master/generated/oneflow.nn.functional.upsample.html
oneflow.nn.functional.grid_sample,https://oneflow.readthedocs.io/en/master/generated/oneflow.nn.functional.grid_sample.html
oneflow.nn.functional.affine_grid,https://oneflow.readthedocs.io/en/master/generated/oneflow.nn.functional.affine_grid.html
oneflow.nn.functional.ctc_greedy_decoder,https://oneflow.readthedocs.io/en/master/generated/oneflow.nn.functional.ctc_greedy_decoder.html
oneflow.Tensor.new_empty,https://oneflow.readthedocs.io/en/master/generated/oneflow.Tensor.new_empty.html
oneflow.Tensor.new_ones,https://oneflow.readthedocs.io/en/master/generated/oneflow.Tensor.new_ones.html
oneflow.Tensor.new_zeros,https://oneflow.readthedocs.io/en/master/generated/oneflow.Tensor.new_zeros.html
oneflow.Tensor.new_full,https://oneflow.readthedocs.io/en/master/generated/oneflow.Tensor.new_full.html
oneflow.Tensor.new_tensor,https://oneflow.readthedocs.io/en/master/generated/oneflow.Tensor.new_tensor.html
oneflow.Tensor.is_cuda,https://oneflow.readthedocs.io/en/master/generated/oneflow.Tensor.is_cuda.html
oneflow.Tensor.is_global,https://oneflow.readthedocs.io/en/master/generated/oneflow.Tensor.is_global.html
oneflow.Tensor.device,https://oneflow.readthedocs.io/en/master/generated/oneflow.Tensor.device.html
oneflow.Tensor.grad,https://oneflow.readthedocs.io/en/master/generated/oneflow.Tensor.grad.html
oneflow.Tensor.ndim,https://oneflow.readthedocs.io/en/master/generated/oneflow.Tensor.ndim.html
oneflow.Tensor.abs,https://oneflow.readthedocs.io/en/master/generated/oneflow.Tensor.abs.html
oneflow.Tensor.acos,https://oneflow.readthedocs.io/en/master/generated/oneflow.Tensor.acos.html
oneflow.Tensor.acosh,https://oneflow.readthedocs.io/en/master/generated/oneflow.Tensor.acosh.html
oneflow.Tensor.add,https://oneflow.readthedocs.io/en/master/generated/oneflow.Tensor.add.html
oneflow.Tensor.add_,https://oneflow.readthedocs.io/en/master/generated/oneflow.Tensor.add_.html
oneflow.Tensor.addcdiv,https://oneflow.readthedocs.io/en/master/generated/oneflow.Tensor.addcdiv.html
oneflow.Tensor.addcdiv_,https://oneflow.readthedocs.io/en/master/generated/oneflow.Tensor.addcdiv_.html
oneflow.Tensor.addcmul,https://oneflow.readthedocs.io/en/master/generated/oneflow.Tensor.addcmul.html
oneflow.Tensor.addcmul_,https://oneflow.readthedocs.io/en/master/generated/oneflow.Tensor.addcmul_.html
oneflow.Tensor.addmm,https://oneflow.readthedocs.io/en/master/generated/oneflow.Tensor.addmm.html
oneflow.Tensor.all,https://oneflow.readthedocs.io/en/master/generated/oneflow.Tensor.all.html
oneflow.Tensor.amin,https://oneflow.readthedocs.io/en/master/generated/oneflow.Tensor.amin.html
oneflow.Tensor.amax,https://oneflow.readthedocs.io/en/master/generated/oneflow.Tensor.amax.html
oneflow.Tensor.any,https://oneflow.readthedocs.io/en/master/generated/oneflow.Tensor.any.html
oneflow.Tensor.arccos,https://oneflow.readthedocs.io/en/master/generated/oneflow.Tensor.arccos.html
oneflow.Tensor.arccosh,https://oneflow.readthedocs.io/en/master/generated/oneflow.Tensor.arccosh.html
oneflow.Tensor.arcsin,https://oneflow.readthedocs.io/en/master/generated/oneflow.Tensor.arcsin.html
oneflow.Tensor.arcsinh,https://oneflow.readthedocs.io/en/master/generated/oneflow.Tensor.arcsinh.html
oneflow.Tensor.arctan,https://oneflow.readthedocs.io/en/master/generated/oneflow.Tensor.arctan.html
oneflow.Tensor.arctanh,https://oneflow.readthedocs.io/en/master/generated/oneflow.Tensor.arctanh.html
oneflow.Tensor.argmax,https://oneflow.readthedocs.io/en/master/generated/oneflow.Tensor.argmax.html
oneflow.Tensor.argmin,https://oneflow.readthedocs.io/en/master/generated/oneflow.Tensor.argmin.html
oneflow.Tensor.argsort,https://oneflow.readthedocs.io/en/master/generated/oneflow.Tensor.argsort.html
oneflow.Tensor.argwhere,https://oneflow.readthedocs.io/en/master/generated/oneflow.Tensor.argwhere.html
oneflow.Tensor.asin,https://oneflow.readthedocs.io/en/master/generated/oneflow.Tensor.asin.html
oneflow.Tensor.asinh,https://oneflow.readthedocs.io/en/master/generated/oneflow.Tensor.asinh.html
oneflow.Tensor.atan,https://oneflow.readthedocs.io/en/master/generated/oneflow.Tensor.atan.html
oneflow.Tensor.atan2,https://oneflow.readthedocs.io/en/master/generated/oneflow.Tensor.atan2.html
oneflow.Tensor.atanh,https://oneflow.readthedocs.io/en/master/generated/oneflow.Tensor.atanh.html
oneflow.Tensor.backward,https://oneflow.readthedocs.io/en/master/generated/oneflow.Tensor.backward.html
oneflow.Tensor.bmm,https://oneflow.readthedocs.io/en/master/generated/oneflow.Tensor.bmm.html
oneflow.Tensor.bool,https://oneflow.readthedocs.io/en/master/generated/oneflow.Tensor.bool.html
oneflow.Tensor.byte,https://oneflow.readthedocs.io/en/master/generated/oneflow.Tensor.byte.html
oneflow.Tensor.cast,https://oneflow.readthedocs.io/en/master/generated/oneflow.Tensor.cast.html
oneflow.Tensor.ceil,https://oneflow.readthedocs.io/en/master/generated/oneflow.Tensor.ceil.html
oneflow.Tensor.ceil_,https://oneflow.readthedocs.io/en/master/generated/oneflow.Tensor.ceil_.html
oneflow.Tensor.chunk,https://oneflow.readthedocs.io/en/master/generated/oneflow.Tensor.chunk.html
oneflow.Tensor.clamp,https://oneflow.readthedocs.io/en/master/generated/oneflow.Tensor.clamp.html
oneflow.Tensor.clamp_,https://oneflow.readthedocs.io/en/master/generated/oneflow.Tensor.clamp_.html
oneflow.Tensor.clip,https://oneflow.readthedocs.io/en/master/generated/oneflow.Tensor.clip.html
oneflow.Tensor.clip_,https://oneflow.readthedocs.io/en/master/generated/oneflow.Tensor.clip_.html
oneflow.Tensor.clone,https://oneflow.readthedocs.io/en/master/generated/oneflow.Tensor.clone.html
oneflow.Tensor.contiguous,https://oneflow.readthedocs.io/en/master/generated/oneflow.Tensor.contiguous.html
oneflow.Tensor.copy_,https://oneflow.readthedocs.io/en/master/generated/oneflow.Tensor.copy_.html
oneflow.Tensor.cos,https://oneflow.readthedocs.io/en/master/generated/oneflow.Tensor.cos.html
oneflow.Tensor.cosh,https://oneflow.readthedocs.io/en/master/generated/oneflow.Tensor.cosh.html
oneflow.Tensor.cpu,https://oneflow.readthedocs.io/en/master/generated/oneflow.Tensor.cpu.html
oneflow.Tensor.cuda,https://oneflow.readthedocs.io/en/master/generated/oneflow.Tensor.cuda.html
oneflow.Tensor.cumprod,https://oneflow.readthedocs.io/en/master/generated/oneflow.Tensor.cumprod.html
oneflow.Tensor.cumsum,https://oneflow.readthedocs.io/en/master/generated/oneflow.Tensor.cumsum.html
oneflow.Tensor.data,https://oneflow.readthedocs.io/en/master/generated/oneflow.Tensor.data.html
oneflow.Tensor.dot,https://oneflow.readthedocs.io/en/master/generated/oneflow.Tensor.dot.html
oneflow.Tensor.detach,https://oneflow.readthedocs.io/en/master/generated/oneflow.Tensor.detach.html
oneflow.Tensor.placement,https://oneflow.readthedocs.io/en/master/generated/oneflow.Tensor.placement.html
oneflow.Tensor.sbp,https://oneflow.readthedocs.io/en/master/generated/oneflow.Tensor.sbp.html
oneflow.Tensor.diag,https://oneflow.readthedocs.io/en/master/generated/oneflow.Tensor.diag.html
oneflow.Tensor.diagonal,https://oneflow.readthedocs.io/en/master/generated/oneflow.Tensor.diagonal.html
oneflow.Tensor.dim,https://oneflow.readthedocs.io/en/master/generated/oneflow.Tensor.dim.html
oneflow.Tensor.div,https://oneflow.readthedocs.io/en/master/generated/oneflow.Tensor.div.html
oneflow.Tensor.div_,https://oneflow.readthedocs.io/en/master/generated/oneflow.Tensor.div_.html
oneflow.Tensor.double,https://oneflow.readthedocs.io/en/master/generated/oneflow.Tensor.double.html
oneflow.Tensor.dtype,https://oneflow.readthedocs.io/en/master/generated/oneflow.Tensor.dtype.html
oneflow.Tensor.digamma,https://oneflow.readthedocs.io/en/master/generated/oneflow.Tensor.digamma.html
oneflow.Tensor.element_size,https://oneflow.readthedocs.io/en/master/generated/oneflow.Tensor.element_size.html
oneflow.Tensor.eq,https://oneflow.readthedocs.io/en/master/generated/oneflow.Tensor.eq.html
oneflow.Tensor.equal,https://oneflow.readthedocs.io/en/master/generated/oneflow.Tensor.equal.html
oneflow.Tensor.erf,https://oneflow.readthedocs.io/en/master/generated/oneflow.Tensor.erf.html
oneflow.Tensor.erfc,https://oneflow.readthedocs.io/en/master/generated/oneflow.Tensor.erfc.html
oneflow.Tensor.erfinv,https://oneflow.readthedocs.io/en/master/generated/oneflow.Tensor.erfinv.html
oneflow.Tensor.erfinv_,https://oneflow.readthedocs.io/en/master/generated/oneflow.Tensor.erfinv_.html
oneflow.Tensor.exp,https://oneflow.readthedocs.io/en/master/generated/oneflow.Tensor.exp.html
oneflow.Tensor.exp2,https://oneflow.readthedocs.io/en/master/generated/oneflow.Tensor.exp2.html
oneflow.Tensor.expand,https://oneflow.readthedocs.io/en/master/generated/oneflow.Tensor.expand.html
oneflow.Tensor.expand_as,https://oneflow.readthedocs.io/en/master/generated/oneflow.Tensor.expand_as.html
oneflow.Tensor.expm1,https://oneflow.readthedocs.io/en/master/generated/oneflow.Tensor.expm1.html
oneflow.Tensor.fill_,https://oneflow.readthedocs.io/en/master/generated/oneflow.Tensor.fill_.html
oneflow.Tensor.flatten,https://oneflow.readthedocs.io/en/master/generated/oneflow.Tensor.flatten.html
oneflow.Tensor.flip,https://oneflow.readthedocs.io/en/master/generated/oneflow.Tensor.flip.html
oneflow.Tensor.float,https://oneflow.readthedocs.io/en/master/generated/oneflow.Tensor.float.html
oneflow.Tensor.floor,https://oneflow.readthedocs.io/en/master/generated/oneflow.Tensor.floor.html
oneflow.Tensor.floor_,https://oneflow.readthedocs.io/en/master/generated/oneflow.Tensor.floor_.html
oneflow.Tensor.floor_divide,https://oneflow.readthedocs.io/en/master/generated/oneflow.Tensor.floor_divide.html
oneflow.Tensor.fmod,https://oneflow.readthedocs.io/en/master/generated/oneflow.Tensor.fmod.html
oneflow.Tensor.gather,https://oneflow.readthedocs.io/en/master/generated/oneflow.Tensor.gather.html
oneflow.Tensor.ge,https://oneflow.readthedocs.io/en/master/generated/oneflow.Tensor.ge.html
oneflow.Tensor.get_device,https://oneflow.readthedocs.io/en/master/generated/oneflow.Tensor.get_device.html
oneflow.Tensor.grad_fn,https://oneflow.readthedocs.io/en/master/generated/oneflow.Tensor.grad_fn.html
oneflow.Tensor.gt,https://oneflow.readthedocs.io/en/master/generated/oneflow.Tensor.gt.html
oneflow.Tensor.gt_,https://oneflow.readthedocs.io/en/master/generated/oneflow.Tensor.gt_.html
oneflow.Tensor.half,https://oneflow.readthedocs.io/en/master/generated/oneflow.Tensor.half.html
oneflow.Tensor.in_top_k,https://oneflow.readthedocs.io/en/master/generated/oneflow.Tensor.in_top_k.html
oneflow.Tensor.index_select,https://oneflow.readthedocs.io/en/master/generated/oneflow.Tensor.index_select.html
oneflow.Tensor.index_add,https://oneflow.readthedocs.io/en/master/generated/oneflow.Tensor.index_add.html
oneflow.Tensor.index_add_,https://oneflow.readthedocs.io/en/master/generated/oneflow.Tensor.index_add_.html
oneflow.Tensor.int,https://oneflow.readthedocs.io/en/master/generated/oneflow.Tensor.int.html
oneflow.Tensor.is_contiguous,https://oneflow.readthedocs.io/en/master/generated/oneflow.Tensor.is_contiguous.html
oneflow.Tensor.is_floating_point,https://oneflow.readthedocs.io/en/master/generated/oneflow.Tensor.is_floating_point.html
oneflow.Tensor.is_lazy,https://oneflow.readthedocs.io/en/master/generated/oneflow.Tensor.is_lazy.html
oneflow.Tensor.is_leaf,https://oneflow.readthedocs.io/en/master/generated/oneflow.Tensor.is_leaf.html
oneflow.Tensor.isinf,https://oneflow.readthedocs.io/en/master/generated/oneflow.Tensor.isinf.html
oneflow.Tensor.isnan,https://oneflow.readthedocs.io/en/master/generated/oneflow.Tensor.isnan.html
oneflow.Tensor.item,https://oneflow.readthedocs.io/en/master/generated/oneflow.Tensor.item.html
oneflow.Tensor.le,https://oneflow.readthedocs.io/en/master/generated/oneflow.Tensor.le.html
oneflow.Tensor.lerp,https://oneflow.readthedocs.io/en/master/generated/oneflow.Tensor.lerp.html
oneflow.Tensor.lerp_,https://oneflow.readthedocs.io/en/master/generated/oneflow.Tensor.lerp_.html
oneflow.Tensor.log,https://oneflow.readthedocs.io/en/master/generated/oneflow.Tensor.log.html
oneflow.Tensor.log1p,https://oneflow.readthedocs.io/en/master/generated/oneflow.Tensor.log1p.html
oneflow.Tensor.log2,https://oneflow.readthedocs.io/en/master/generated/oneflow.Tensor.log2.html
oneflow.Tensor.log10,https://oneflow.readthedocs.io/en/master/generated/oneflow.Tensor.log10.html
oneflow.Tensor.logical_and,https://oneflow.readthedocs.io/en/master/generated/oneflow.Tensor.logical_and.html
oneflow.Tensor.logical_or,https://oneflow.readthedocs.io/en/master/generated/oneflow.Tensor.logical_or.html
oneflow.Tensor.logical_not,https://oneflow.readthedocs.io/en/master/generated/oneflow.Tensor.logical_not.html
oneflow.Tensor.logical_xor,https://oneflow.readthedocs.io/en/master/generated/oneflow.Tensor.logical_xor.html
oneflow.Tensor.long,https://oneflow.readthedocs.io/en/master/generated/oneflow.Tensor.long.html
oneflow.Tensor.lt,https://oneflow.readthedocs.io/en/master/generated/oneflow.Tensor.lt.html
oneflow.Tensor.masked_fill,https://oneflow.readthedocs.io/en/master/generated/oneflow.Tensor.masked_fill.html
oneflow.Tensor.masked_fill_,https://oneflow.readthedocs.io/en/master/generated/oneflow.Tensor.masked_fill_.html
oneflow.Tensor.masked_select,https://oneflow.readthedocs.io/en/master/generated/oneflow.Tensor.masked_select.html
oneflow.Tensor.matmul,https://oneflow.readthedocs.io/en/master/generated/oneflow.Tensor.matmul.html
oneflow.Tensor.mm,https://oneflow.readthedocs.io/en/master/generated/oneflow.Tensor.mm.html
oneflow.Tensor.mv,https://oneflow.readthedocs.io/en/master/generated/oneflow.Tensor.mv.html
oneflow.Tensor.max,https://oneflow.readthedocs.io/en/master/generated/oneflow.Tensor.max.html
oneflow.Tensor.maximum,https://oneflow.readthedocs.io/en/master/generated/oneflow.Tensor.maximum.html
oneflow.Tensor.median,https://oneflow.readthedocs.io/en/master/generated/oneflow.Tensor.median.html
oneflow.Tensor.mean,https://oneflow.readthedocs.io/en/master/generated/oneflow.Tensor.mean.html
oneflow.Tensor.min,https://oneflow.readthedocs.io/en/master/generated/oneflow.Tensor.min.html
oneflow.Tensor.minimum,https://oneflow.readthedocs.io/en/master/generated/oneflow.Tensor.minimum.html
oneflow.Tensor.mish,https://oneflow.readthedocs.io/en/master/generated/oneflow.Tensor.mish.html
oneflow.Tensor.mode,https://oneflow.readthedocs.io/en/master/generated/oneflow.Tensor.mode.html
oneflow.Tensor.mul,https://oneflow.readthedocs.io/en/master/generated/oneflow.Tensor.mul.html
oneflow.Tensor.mul_,https://oneflow.readthedocs.io/en/master/generated/oneflow.Tensor.mul_.html
oneflow.Tensor.frac,https://oneflow.readthedocs.io/en/master/generated/oneflow.Tensor.frac.html
oneflow.Tensor.frac_,https://oneflow.readthedocs.io/en/master/generated/oneflow.Tensor.frac_.html
oneflow.Tensor.nansum,https://oneflow.readthedocs.io/en/master/generated/oneflow.Tensor.nansum.html
oneflow.Tensor.narrow,https://oneflow.readthedocs.io/en/master/generated/oneflow.Tensor.narrow.html
oneflow.Tensor.ndimension,https://oneflow.readthedocs.io/en/master/generated/oneflow.Tensor.ndimension.html
oneflow.Tensor.ne,https://oneflow.readthedocs.io/en/master/generated/oneflow.Tensor.ne.html
oneflow.Tensor.neg,https://oneflow.readthedocs.io/en/master/generated/oneflow.Tensor.neg.html
oneflow.Tensor.negative,https://oneflow.readthedocs.io/en/master/generated/oneflow.Tensor.negative.html
oneflow.Tensor.nelement,https://oneflow.readthedocs.io/en/master/generated/oneflow.Tensor.nelement.html
oneflow.Tensor.nonzero,https://oneflow.readthedocs.io/en/master/generated/oneflow.Tensor.nonzero.html
oneflow.Tensor.norm,https://oneflow.readthedocs.io/en/master/generated/oneflow.Tensor.norm.html
oneflow.Tensor.normal_,https://oneflow.readthedocs.io/en/master/generated/oneflow.Tensor.normal_.html
oneflow.Tensor.numel,https://oneflow.readthedocs.io/en/master/generated/oneflow.Tensor.numel.html
oneflow.Tensor.numpy,https://oneflow.readthedocs.io/en/master/generated/oneflow.Tensor.numpy.html
oneflow.Tensor.offload,https://oneflow.readthedocs.io/en/master/generated/oneflow.Tensor.offload.html
oneflow.Tensor.load,https://oneflow.readthedocs.io/en/master/generated/oneflow.Tensor.load.html
oneflow.Tensor.is_offloaded,https://oneflow.readthedocs.io/en/master/generated/oneflow.Tensor.is_offloaded.html
oneflow.Tensor.permute,https://oneflow.readthedocs.io/en/master/generated/oneflow.Tensor.permute.html
oneflow.Tensor.pow,https://oneflow.readthedocs.io/en/master/generated/oneflow.Tensor.pow.html
oneflow.Tensor.prod,https://oneflow.readthedocs.io/en/master/generated/oneflow.Tensor.prod.html
oneflow.Tensor.quantile,https://oneflow.readthedocs.io/en/master/generated/oneflow.Tensor.quantile.html
oneflow.Tensor.reciprocal,https://oneflow.readthedocs.io/en/master/generated/oneflow.Tensor.reciprocal.html
oneflow.Tensor.register_hook,https://oneflow.readthedocs.io/en/master/generated/oneflow.Tensor.register_hook.html
oneflow.Tensor.relu,https://oneflow.readthedocs.io/en/master/generated/oneflow.Tensor.relu.html
oneflow.Tensor.repeat,https://oneflow.readthedocs.io/en/master/generated/oneflow.Tensor.repeat.html
oneflow.Tensor.repeat_interleave,https://oneflow.readthedocs.io/en/master/generated/oneflow.Tensor.repeat_interleave.html
oneflow.Tensor.requires_grad,https://oneflow.readthedocs.io/en/master/generated/oneflow.Tensor.requires_grad.html
oneflow.Tensor.requires_grad_,https://oneflow.readthedocs.io/en/master/generated/oneflow.Tensor.requires_grad_.html
oneflow.Tensor.reshape,https://oneflow.readthedocs.io/en/master/generated/oneflow.Tensor.reshape.html
oneflow.Tensor.reshape_as,https://oneflow.readthedocs.io/en/master/generated/oneflow.Tensor.reshape_as.html
oneflow.Tensor.retain_grad,https://oneflow.readthedocs.io/en/master/generated/oneflow.Tensor.retain_grad.html
oneflow.Tensor.roll,https://oneflow.readthedocs.io/en/master/generated/oneflow.Tensor.roll.html
oneflow.Tensor.round,https://oneflow.readthedocs.io/en/master/generated/oneflow.Tensor.round.html
oneflow.Tensor.round_,https://oneflow.readthedocs.io/en/master/generated/oneflow.Tensor.round_.html
oneflow.Tensor.rsqrt,https://oneflow.readthedocs.io/en/master/generated/oneflow.Tensor.rsqrt.html
oneflow.Tensor.selu,https://oneflow.readthedocs.io/en/master/generated/oneflow.Tensor.selu.html
oneflow.Tensor.shape,https://oneflow.readthedocs.io/en/master/generated/oneflow.Tensor.shape.html
oneflow.Tensor.sigmoid,https://oneflow.readthedocs.io/en/master/generated/oneflow.Tensor.sigmoid.html
oneflow.Tensor.sign,https://oneflow.readthedocs.io/en/master/generated/oneflow.Tensor.sign.html
oneflow.Tensor.silu,https://oneflow.readthedocs.io/en/master/generated/oneflow.Tensor.silu.html
oneflow.Tensor.sin,https://oneflow.readthedocs.io/en/master/generated/oneflow.Tensor.sin.html
oneflow.Tensor.sin_,https://oneflow.readthedocs.io/en/master/generated/oneflow.Tensor.sin_.html
oneflow.Tensor.sinh,https://oneflow.readthedocs.io/en/master/generated/oneflow.Tensor.sinh.html
oneflow.Tensor.size,https://oneflow.readthedocs.io/en/master/generated/oneflow.Tensor.size.html
oneflow.Tensor.softmax,https://oneflow.readthedocs.io/en/master/generated/oneflow.Tensor.softmax.html
oneflow.Tensor.softplus,https://oneflow.readthedocs.io/en/master/generated/oneflow.Tensor.softplus.html
oneflow.Tensor.softsign,https://oneflow.readthedocs.io/en/master/generated/oneflow.Tensor.softsign.html
oneflow.Tensor.sort,https://oneflow.readthedocs.io/en/master/generated/oneflow.Tensor.sort.html
oneflow.Tensor.split,https://oneflow.readthedocs.io/en/master/generated/oneflow.Tensor.split.html
oneflow.Tensor.sqrt,https://oneflow.readthedocs.io/en/master/generated/oneflow.Tensor.sqrt.html
oneflow.Tensor.square,https://oneflow.readthedocs.io/en/master/generated/oneflow.Tensor.square.html
oneflow.Tensor.squeeze,https://oneflow.readthedocs.io/en/master/generated/oneflow.Tensor.squeeze.html
oneflow.Tensor.squeeze_,https://oneflow.readthedocs.io/en/master/generated/oneflow.Tensor.squeeze_.html
oneflow.Tensor.std,https://oneflow.readthedocs.io/en/master/generated/oneflow.Tensor.std.html
oneflow.Tensor.storage_offset,https://oneflow.readthedocs.io/en/master/generated/oneflow.Tensor.storage_offset.html
oneflow.Tensor.stride,https://oneflow.readthedocs.io/en/master/generated/oneflow.Tensor.stride.html
oneflow.Tensor.logsumexp,https://oneflow.readthedocs.io/en/master/generated/oneflow.Tensor.logsumexp.html
oneflow.Tensor.sum,https://oneflow.readthedocs.io/en/master/generated/oneflow.Tensor.sum.html
oneflow.Tensor.swapaxes,https://oneflow.readthedocs.io/en/master/generated/oneflow.Tensor.swapaxes.html
oneflow.Tensor.swapdims,https://oneflow.readthedocs.io/en/master/generated/oneflow.Tensor.swapdims.html
oneflow.Tensor.sub,https://oneflow.readthedocs.io/en/master/generated/oneflow.Tensor.sub.html
oneflow.Tensor.sub_,https://oneflow.readthedocs.io/en/master/generated/oneflow.Tensor.sub_.html
oneflow.Tensor.tan,https://oneflow.readthedocs.io/en/master/generated/oneflow.Tensor.tan.html
oneflow.Tensor.tanh,https://oneflow.readthedocs.io/en/master/generated/oneflow.Tensor.tanh.html
oneflow.Tensor.tile,https://oneflow.readthedocs.io/en/master/generated/oneflow.Tensor.tile.html
oneflow.Tensor.to,https://oneflow.readthedocs.io/en/master/generated/oneflow.Tensor.to.html
oneflow.Tensor.local_to_global,https://oneflow.readthedocs.io/en/master/generated/oneflow.Tensor.local_to_global.html
oneflow.Tensor.global_to_global,https://oneflow.readthedocs.io/en/master/generated/oneflow.Tensor.global_to_global.html
oneflow.Tensor.to_global,https://oneflow.readthedocs.io/en/master/generated/oneflow.Tensor.to_global.html
oneflow.Tensor.to_local,https://oneflow.readthedocs.io/en/master/generated/oneflow.Tensor.to_local.html
oneflow.Tensor.to_consistent,https://oneflow.readthedocs.io/en/master/generated/oneflow.Tensor.to_consistent.html
oneflow.Tensor.tolist,https://oneflow.readthedocs.io/en/master/generated/oneflow.Tensor.tolist.html
oneflow.Tensor.topk,https://oneflow.readthedocs.io/en/master/generated/oneflow.Tensor.topk.html
oneflow.Tensor.transpose,https://oneflow.readthedocs.io/en/master/generated/oneflow.Tensor.transpose.html
oneflow.Tensor.tril,https://oneflow.readthedocs.io/en/master/generated/oneflow.Tensor.tril.html
oneflow.Tensor.triu,https://oneflow.readthedocs.io/en/master/generated/oneflow.Tensor.triu.html
oneflow.Tensor.trunc,https://oneflow.readthedocs.io/en/master/generated/oneflow.Tensor.trunc.html
oneflow.Tensor.type_as,https://oneflow.readthedocs.io/en/master/generated/oneflow.Tensor.type_as.html
oneflow.Tensor.type,https://oneflow.readthedocs.io/en/master/generated/oneflow.Tensor.type.html
oneflow.Tensor.t,https://oneflow.readthedocs.io/en/master/generated/oneflow.Tensor.t.html
oneflow.Tensor.T,https://oneflow.readthedocs.io/en/master/generated/oneflow.Tensor.T.html
oneflow.Tensor.unbind,https://oneflow.readthedocs.io/en/master/generated/oneflow.Tensor.unbind.html
oneflow.Tensor.unfold,https://oneflow.readthedocs.io/en/master/generated/oneflow.Tensor.unfold.html
oneflow.Tensor.uniform_,https://oneflow.readthedocs.io/en/master/generated/oneflow.Tensor.uniform_.html
oneflow.Tensor.unsqueeze,https://oneflow.readthedocs.io/en/master/generated/oneflow.Tensor.unsqueeze.html
oneflow.Tensor.unsqueeze_,https://oneflow.readthedocs.io/en/master/generated/oneflow.Tensor.unsqueeze_.html
oneflow.Tensor.as_strided,https://oneflow.readthedocs.io/en/master/generated/oneflow.Tensor.as_strided.html
oneflow.Tensor.as_strided_,https://oneflow.readthedocs.io/en/master/generated/oneflow.Tensor.as_strided_.html
oneflow.Tensor.var,https://oneflow.readthedocs.io/en/master/generated/oneflow.Tensor.var.html
oneflow.Tensor.view,https://oneflow.readthedocs.io/en/master/generated/oneflow.Tensor.view.html
oneflow.Tensor.view_as,https://oneflow.readthedocs.io/en/master/generated/oneflow.Tensor.view_as.html
oneflow.Tensor.where,https://oneflow.readthedocs.io/en/master/generated/oneflow.Tensor.where.html
oneflow.Tensor.zero_,https://oneflow.readthedocs.io/en/master/generated/oneflow.Tensor.zero_.html
oneflow.Tensor.nms,https://oneflow.readthedocs.io/en/master/generated/oneflow.Tensor.nms.html
oneflow.Tensor.pin_memory,https://oneflow.readthedocs.io/en/master/generated/oneflow.Tensor.pin_memory.html
oneflow.Tensor.is_pinned,https://oneflow.readthedocs.io/en/master/generated/oneflow.Tensor.is_pinned.html
oneflow.Tensor.inverse,https://oneflow.readthedocs.io/en/master/generated/oneflow.Tensor.inverse.html
oneflow.Tensor.cross,https://oneflow.readthedocs.io/en/master/generated/oneflow.Tensor.cross.html
oneflow.Tensor.scatter,https://oneflow.readthedocs.io/en/master/generated/oneflow.Tensor.scatter.html
oneflow.Tensor.scatter_,https://oneflow.readthedocs.io/en/master/generated/oneflow.Tensor.scatter_.html
oneflow.Tensor.scatter_add,https://oneflow.readthedocs.io/en/master/generated/oneflow.Tensor.scatter_add.html
oneflow.Tensor.scatter_add_,https://oneflow.readthedocs.io/en/master/generated/oneflow.Tensor.scatter_add_.html
oneflow.Tensor.bernoulli,https://oneflow.readthedocs.io/en/master/generated/oneflow.Tensor.bernoulli.html
oneflow.Tensor.bernoulli_,https://oneflow.readthedocs.io/en/master/generated/oneflow.Tensor.bernoulli_.html
oneflow.Tensor.bincount,https://oneflow.readthedocs.io/en/master/generated/oneflow.Tensor.bincount.html
oneflow.Tensor.isclose,https://oneflow.readthedocs.io/en/master/generated/oneflow.Tensor.isclose.html
oneflow.Tensor.allclose,https://oneflow.readthedocs.io/en/master/generated/oneflow.Tensor.allclose.html
oneflow.Tensor.broadcast_to,https://oneflow.readthedocs.io/en/master/generated/oneflow.Tensor.broadcast_to.html
oneflow.Tensor.unique,https://oneflow.readthedocs.io/en/master/generated/oneflow.Tensor.unique.html
oneflow.Tensor.bitwise_and,https://oneflow.readthedocs.io/en/master/generated/oneflow.Tensor.bitwise_and.html
oneflow.Tensor.bitwise_or,https://oneflow.readthedocs.io/en/master/generated/oneflow.Tensor.bitwise_or.html
oneflow.Tensor.bitwise_xor,https://oneflow.readthedocs.io/en/master/generated/oneflow.Tensor.bitwise_xor.html
oneflow.Tensor.baddbmm,https://oneflow.readthedocs.io/en/master/generated/oneflow.Tensor.baddbmm.html
oneflow.autograd.backward,https://oneflow.readthedocs.io/en/master/generated/oneflow.autograd.backward.html
oneflow.autograd.grad,https://oneflow.readthedocs.io/en/master/generated/oneflow.autograd.grad.html
oneflow.autograd.no_grad,https://oneflow.readthedocs.io/en/master/generated/oneflow.autograd.no_grad.html
oneflow.autograd.enable_grad,https://oneflow.readthedocs.io/en/master/generated/oneflow.autograd.enable_grad.html
oneflow.autograd.set_grad_enabled,https://oneflow.readthedocs.io/en/master/generated/oneflow.autograd.set_grad_enabled.html
oneflow.autograd.inference_mode,https://oneflow.readthedocs.io/en/master/generated/oneflow.autograd.inference_mode.html
oneflow.autograd.Function.forward,https://oneflow.readthedocs.io/en/master/generated/oneflow.autograd.Function.forward.html
oneflow.autograd.Function.backward,https://oneflow.readthedocs.io/en/master/generated/oneflow.autograd.Function.backward.html
oneflow.autograd.Function.apply,https://oneflow.readthedocs.io/en/master/generated/oneflow.autograd.Function.apply.html
oneflow._oneflow_internal.autograd.Function.FunctionCtx.mark_non_differentiable,https://oneflow.readthedocs.io/en/master/generated/oneflow._oneflow_internal.autograd.Function.FunctionCtx.mark_non_differentiable.html
oneflow._oneflow_internal.autograd.Function.FunctionCtx.save_for_backward,https://oneflow.readthedocs.io/en/master/generated/oneflow._oneflow_internal.autograd.Function.FunctionCtx.save_for_backward.html
oneflow._oneflow_internal.autograd.Function.FunctionCtx.saved_tensors,https://oneflow.readthedocs.io/en/master/generated/oneflow._oneflow_internal.autograd.Function.FunctionCtx.saved_tensors.html
oneflow.cuda.is_available,https://oneflow.readthedocs.io/en/master/generated/oneflow.cuda.is_available.html
oneflow.cuda.device_count,https://oneflow.readthedocs.io/en/master/generated/oneflow.cuda.device_count.html
oneflow.cuda.current_device,https://oneflow.readthedocs.io/en/master/generated/oneflow.cuda.current_device.html
oneflow.cuda.set_device,https://oneflow.readthedocs.io/en/master/generated/oneflow.cuda.set_device.html
oneflow.cuda.synchronize,https://oneflow.readthedocs.io/en/master/generated/oneflow.cuda.synchronize.html
oneflow.cuda.get_device_properties,https://oneflow.readthedocs.io/en/master/generated/oneflow.cuda.get_device_properties.html
oneflow.cuda.get_device_capability,https://oneflow.readthedocs.io/en/master/generated/oneflow.cuda.get_device_capability.html
oneflow.cuda.get_device_name,https://oneflow.readthedocs.io/en/master/generated/oneflow.cuda.get_device_name.html
oneflow.cuda.manual_seed_all,https://oneflow.readthedocs.io/en/master/generated/oneflow.cuda.manual_seed_all.html
oneflow.cuda.manual_seed,https://oneflow.readthedocs.io/en/master/generated/oneflow.cuda.manual_seed.html
oneflow.cuda.get_rng_state,https://oneflow.readthedocs.io/en/master/generated/oneflow.cuda.get_rng_state.html
oneflow.cuda.get_rng_state_all,https://oneflow.readthedocs.io/en/master/generated/oneflow.cuda.get_rng_state_all.html
oneflow.cuda.set_rng_state,https://oneflow.readthedocs.io/en/master/generated/oneflow.cuda.set_rng_state.html
oneflow.cuda.set_rng_state_all,https://oneflow.readthedocs.io/en/master/generated/oneflow.cuda.set_rng_state_all.html
oneflow.cuda.HalfTensor,https://oneflow.readthedocs.io/en/master/generated/oneflow.cuda.HalfTensor.html
oneflow.cuda.FloatTensor,https://oneflow.readthedocs.io/en/master/generated/oneflow.cuda.FloatTensor.html
oneflow.cuda.DoubleTensor,https://oneflow.readthedocs.io/en/master/generated/oneflow.cuda.DoubleTensor.html
oneflow.cuda.BoolTensor,https://oneflow.readthedocs.io/en/master/generated/oneflow.cuda.BoolTensor.html
oneflow.cuda.ByteTensor,https://oneflow.readthedocs.io/en/master/generated/oneflow.cuda.ByteTensor.html
oneflow.cuda.CharTensor,https://oneflow.readthedocs.io/en/master/generated/oneflow.cuda.CharTensor.html
oneflow.cuda.IntTensor,https://oneflow.readthedocs.io/en/master/generated/oneflow.cuda.IntTensor.html
oneflow.cuda.LongTensor,https://oneflow.readthedocs.io/en/master/generated/oneflow.cuda.LongTensor.html
oneflow.cuda.empty_cache,https://oneflow.readthedocs.io/en/master/generated/oneflow.cuda.empty_cache.html
oneflow.env.get_world_size,https://oneflow.readthedocs.io/en/master/generated/oneflow.env.get_world_size.html
oneflow.env.get_rank,https://oneflow.readthedocs.io/en/master/generated/oneflow.env.get_rank.html
oneflow.env.get_local_rank,https://oneflow.readthedocs.io/en/master/generated/oneflow.env.get_local_rank.html
oneflow.env.get_node_size,https://oneflow.readthedocs.io/en/master/generated/oneflow.env.get_node_size.html
oneflow.env.init_rdma,https://oneflow.readthedocs.io/en/master/generated/oneflow.env.init_rdma.html
oneflow.env.rdma_is_initialized,https://oneflow.readthedocs.io/en/master/generated/oneflow.env.rdma_is_initialized.html
oneflow.comm.all_reduce,https://oneflow.readthedocs.io/en/master/generated/oneflow.comm.all_reduce.html
oneflow.comm.all_gather,https://oneflow.readthedocs.io/en/master/generated/oneflow.comm.all_gather.html
oneflow.comm.all_gather_into_tensor,https://oneflow.readthedocs.io/en/master/generated/oneflow.comm.all_gather_into_tensor.html
oneflow.comm.all_to_all,https://oneflow.readthedocs.io/en/master/generated/oneflow.comm.all_to_all.html
oneflow.comm.broadcast,https://oneflow.readthedocs.io/en/master/generated/oneflow.comm.broadcast.html
oneflow.comm.barrier,https://oneflow.readthedocs.io/en/master/generated/oneflow.comm.barrier.html
oneflow.comm.gather,https://oneflow.readthedocs.io/en/master/generated/oneflow.comm.gather.html
oneflow.comm.reduce,https://oneflow.readthedocs.io/en/master/generated/oneflow.comm.reduce.html
oneflow.comm.reduce_scatter,https://oneflow.readthedocs.io/en/master/generated/oneflow.comm.reduce_scatter.html
oneflow.comm.reduce_scatter_tensor,https://oneflow.readthedocs.io/en/master/generated/oneflow.comm.reduce_scatter_tensor.html
oneflow.comm.recv,https://oneflow.readthedocs.io/en/master/generated/oneflow.comm.recv.html
oneflow.comm.scatter,https://oneflow.readthedocs.io/en/master/generated/oneflow.comm.scatter.html
oneflow.comm.send,https://oneflow.readthedocs.io/en/master/generated/oneflow.comm.send.html
oneflow.distributions.Distribution,https://oneflow.readthedocs.io/en/master/generated/oneflow.distributions.Distribution.html
oneflow.distributions.Categorical,https://oneflow.readthedocs.io/en/master/generated/oneflow.distributions.Categorical.html
oneflow.linalg.norm,https://oneflow.readthedocs.io/en/master/generated/oneflow.linalg.norm.html
oneflow.linalg.vector_norm,https://oneflow.readthedocs.io/en/master/generated/oneflow.linalg.vector_norm.html
oneflow.linalg.matrix_norm,https://oneflow.readthedocs.io/en/master/generated/oneflow.linalg.matrix_norm.html
oneflow.linalg.diagonal,https://oneflow.readthedocs.io/en/master/generated/oneflow.linalg.diagonal.html
oneflow.linalg.inv,https://oneflow.readthedocs.io/en/master/generated/oneflow.linalg.inv.html
oneflow.linalg.cross,https://oneflow.readthedocs.io/en/master/generated/oneflow.linalg.cross.html
oneflow.linalg.det,https://oneflow.readthedocs.io/en/master/generated/oneflow.linalg.det.html
oneflow.optim.Optimizer.add_param_group,https://oneflow.readthedocs.io/en/master/generated/oneflow.optim.Optimizer.add_param_group.html
oneflow.optim.Optimizer.load_state_dict,https://oneflow.readthedocs.io/en/master/generated/oneflow.optim.Optimizer.load_state_dict.html
oneflow.optim.Optimizer.state_dict,https://oneflow.readthedocs.io/en/master/generated/oneflow.optim.Optimizer.state_dict.html
oneflow.optim.Optimizer.step,https://oneflow.readthedocs.io/en/master/generated/oneflow.optim.Optimizer.step.html
oneflow.optim.Optimizer.zero_grad,https://oneflow.readthedocs.io/en/master/generated/oneflow.optim.Optimizer.zero_grad.html
oneflow.optim.Adagrad,https://oneflow.readthedocs.io/en/master/generated/oneflow.optim.Adagrad.html
oneflow.optim.Adam,https://oneflow.readthedocs.io/en/master/generated/oneflow.optim.Adam.html
oneflow.optim.AdamW,https://oneflow.readthedocs.io/en/master/generated/oneflow.optim.AdamW.html
oneflow.optim.LAMB,https://oneflow.readthedocs.io/en/master/generated/oneflow.optim.LAMB.html
oneflow.optim.RMSprop,https://oneflow.readthedocs.io/en/master/generated/oneflow.optim.RMSprop.html
oneflow.optim.SGD,https://oneflow.readthedocs.io/en/master/generated/oneflow.optim.SGD.html
oneflow.optim.LBFGS,https://oneflow.readthedocs.io/en/master/generated/oneflow.optim.LBFGS.html
oneflow.optim.lr_scheduler.CosineAnnealingLR,https://oneflow.readthedocs.io/en/master/generated/oneflow.optim.lr_scheduler.CosineAnnealingLR.html
oneflow.optim.lr_scheduler.CosineDecayLR,https://oneflow.readthedocs.io/en/master/generated/oneflow.optim.lr_scheduler.CosineDecayLR.html
oneflow.optim.lr_scheduler.ExponentialLR,https://oneflow.readthedocs.io/en/master/generated/oneflow.optim.lr_scheduler.ExponentialLR.html
oneflow.optim.lr_scheduler.LambdaLR,https://oneflow.readthedocs.io/en/master/generated/oneflow.optim.lr_scheduler.LambdaLR.html
oneflow.optim.lr_scheduler.MultiStepLR,https://oneflow.readthedocs.io/en/master/generated/oneflow.optim.lr_scheduler.MultiStepLR.html
oneflow.optim.lr_scheduler.PolynomialLR,https://oneflow.readthedocs.io/en/master/generated/oneflow.optim.lr_scheduler.PolynomialLR.html
oneflow.optim.lr_scheduler.ReduceLROnPlateau,https://oneflow.readthedocs.io/en/master/generated/oneflow.optim.lr_scheduler.ReduceLROnPlateau.html
oneflow.optim.lr_scheduler.StepLR,https://oneflow.readthedocs.io/en/master/generated/oneflow.optim.lr_scheduler.StepLR.html
oneflow.optim.lr_scheduler.ConstantLR,https://oneflow.readthedocs.io/en/master/generated/oneflow.optim.lr_scheduler.ConstantLR.html
oneflow.optim.lr_scheduler.LinearLR,https://oneflow.readthedocs.io/en/master/generated/oneflow.optim.lr_scheduler.LinearLR.html
oneflow.optim.lr_scheduler.ChainedScheduler,https://oneflow.readthedocs.io/en/master/generated/oneflow.optim.lr_scheduler.ChainedScheduler.html
oneflow.optim.lr_scheduler.SequentialLR,https://oneflow.readthedocs.io/en/master/generated/oneflow.optim.lr_scheduler.SequentialLR.html
oneflow.optim.lr_scheduler.CosineAnnealingWarmRestarts,https://oneflow.readthedocs.io/en/master/generated/oneflow.optim.lr_scheduler.CosineAnnealingWarmRestarts.html
oneflow.nn.Graph.__init__,https://oneflow.readthedocs.io/en/master/generated/oneflow.nn.Graph.__init__.html
oneflow.nn.Graph.build,https://oneflow.readthedocs.io/en/master/generated/oneflow.nn.Graph.build.html
oneflow.nn.Graph.add_optimizer,https://oneflow.readthedocs.io/en/master/generated/oneflow.nn.Graph.add_optimizer.html
oneflow.nn.Graph.set_grad_scaler,https://oneflow.readthedocs.io/en/master/generated/oneflow.nn.Graph.set_grad_scaler.html
oneflow.nn.Graph.__call__,https://oneflow.readthedocs.io/en/master/generated/oneflow.nn.Graph.__call__.html
oneflow.nn.graph.graph_config.GraphConfig.enable_amp,https://oneflow.readthedocs.io/en/master/generated/oneflow.nn.graph.graph_config.GraphConfig.enable_amp.html
oneflow.nn.graph.graph_config.GraphConfig.enable_zero,https://oneflow.readthedocs.io/en/master/generated/oneflow.nn.graph.graph_config.GraphConfig.enable_zero.html
oneflow.nn.graph.graph_config.GraphConfig.allow_fuse_model_update_ops,https://oneflow.readthedocs.io/en/master/generated/oneflow.nn.graph.graph_config.GraphConfig.allow_fuse_model_update_ops.html
oneflow.nn.graph.graph_config.GraphConfig.allow_fuse_add_to_output,https://oneflow.readthedocs.io/en/master/generated/oneflow.nn.graph.graph_config.GraphConfig.allow_fuse_add_to_output.html
oneflow.nn.graph.graph_config.GraphConfig.allow_fuse_cast_scale,https://oneflow.readthedocs.io/en/master/generated/oneflow.nn.graph.graph_config.GraphConfig.allow_fuse_cast_scale.html
oneflow.nn.graph.graph_config.GraphConfig.set_gradient_accumulation_steps,https://oneflow.readthedocs.io/en/master/generated/oneflow.nn.graph.graph_config.GraphConfig.set_gradient_accumulation_steps.html
oneflow.nn.graph.graph_config.GraphConfig.enable_cudnn_conv_heuristic_search_algo,https://oneflow.readthedocs.io/en/master/generated/oneflow.nn.graph.graph_config.GraphConfig.enable_cudnn_conv_heuristic_search_algo.html
oneflow.nn.graph.graph_config.GraphConfig.enable_straighten_algorithm,https://oneflow.readthedocs.io/en/master/generated/oneflow.nn.graph.graph_config.GraphConfig.enable_straighten_algorithm.html
oneflow.nn.graph.graph_config.GraphConfig.enable_compress_memory,https://oneflow.readthedocs.io/en/master/generated/oneflow.nn.graph.graph_config.GraphConfig.enable_compress_memory.html
oneflow.nn.graph.graph_block.GraphModule.set_stage,https://oneflow.readthedocs.io/en/master/generated/oneflow.nn.graph.graph_block.GraphModule.set_stage.html
oneflow.nn.graph.graph_block.GraphModule.activation_checkpointing,https://oneflow.readthedocs.io/en/master/generated/oneflow.nn.graph.graph_block.GraphModule.activation_checkpointing.html
oneflow.nn.Graph.state_dict,https://oneflow.readthedocs.io/en/master/generated/oneflow.nn.Graph.state_dict.html
oneflow.nn.Graph.load_state_dict,https://oneflow.readthedocs.io/en/master/generated/oneflow.nn.Graph.load_state_dict.html
oneflow.nn.Graph.__repr__,https://oneflow.readthedocs.io/en/master/generated/oneflow.nn.Graph.__repr__.html
oneflow.nn.Graph.debug,https://oneflow.readthedocs.io/en/master/generated/oneflow.nn.Graph.debug.html
oneflow.nn.Graph.name,https://oneflow.readthedocs.io/en/master/generated/oneflow.nn.Graph.name.html
oneflow.nn.graph.graph_config.GraphConfig.enable_auto_parallel,https://oneflow.readthedocs.io/en/master/generated/oneflow.nn.graph.graph_config.GraphConfig.enable_auto_parallel.html
oneflow.nn.graph.graph_config.GraphConfig.enable_auto_parallel_ignore_user_sbp_config,https://oneflow.readthedocs.io/en/master/generated/oneflow.nn.graph.graph_config.GraphConfig.enable_auto_parallel_ignore_user_sbp_config.html
oneflow.nn.graph.graph_config.GraphConfig.set_auto_parallel_computation_cost_ratio,https://oneflow.readthedocs.io/en/master/generated/oneflow.nn.graph.graph_config.GraphConfig.set_auto_parallel_computation_cost_ratio.html
oneflow.nn.graph.graph_config.GraphConfig.set_auto_parallel_wait_time,https://oneflow.readthedocs.io/en/master/generated/oneflow.nn.graph.graph_config.GraphConfig.set_auto_parallel_wait_time.html
oneflow.nn.graph.graph_config.GraphConfig.enable_auto_parallel_trunk_algo,https://oneflow.readthedocs.io/en/master/generated/oneflow.nn.graph.graph_config.GraphConfig.enable_auto_parallel_trunk_algo.html
oneflow.nn.graph.graph_config.GraphConfig.enable_auto_parallel_sbp_collector,https://oneflow.readthedocs.io/en/master/generated/oneflow.nn.graph.graph_config.GraphConfig.enable_auto_parallel_sbp_collector.html
oneflow.nn.graph.graph_config.GraphConfig.enable_auto_memory,https://oneflow.readthedocs.io/en/master/generated/oneflow.nn.graph.graph_config.GraphConfig.enable_auto_memory.html
oneflow.nn.image.Resize,https://oneflow.readthedocs.io/en/master/generated/oneflow.nn.image.Resize.html
oneflow.nn.image.batch_align,https://oneflow.readthedocs.io/en/master/generated/oneflow.nn.image.batch_align.html
oneflow.nn.image.decode,https://oneflow.readthedocs.io/en/master/generated/oneflow.nn.image.decode.html
oneflow.nn.image.flip,https://oneflow.readthedocs.io/en/master/generated/oneflow.nn.image.flip.html
oneflow.nn.image.normalize,https://oneflow.readthedocs.io/en/master/generated/oneflow.nn.image.normalize.html
oneflow.utils.global_view.to_global,https://oneflow.readthedocs.io/en/master/generated/oneflow.utils.global_view.to_global.html
oneflow.utils.global_view.to_local,https://oneflow.readthedocs.io/en/master/generated/oneflow.utils.global_view.to_local.html
oneflow.utils.global_view.global_mode,https://oneflow.readthedocs.io/en/master/generated/oneflow.utils.global_view.global_mode.html
oneflow.utils.global_view.current_global_mode,https://oneflow.readthedocs.io/en/master/generated/oneflow.utils.global_view.current_global_mode.html
oneflow.utils.tensor.from_torch,https://oneflow.readthedocs.io/en/master/generated/oneflow.utils.tensor.from_torch.html
oneflow.utils.tensor.to_torch,https://oneflow.readthedocs.io/en/master/generated/oneflow.utils.tensor.to_torch.html
oneflow.one_embedding.make_uniform_initializer,https://oneflow.readthedocs.io/en/master/generated/oneflow.one_embedding.make_uniform_initializer.html
oneflow.one_embedding.make_normal_initializer,https://oneflow.readthedocs.io/en/master/generated/oneflow.one_embedding.make_normal_initializer.html
oneflow.one_embedding.make_device_mem_store_options,https://oneflow.readthedocs.io/en/master/generated/oneflow.one_embedding.make_device_mem_store_options.html
oneflow.one_embedding.make_cached_ssd_store_options,https://oneflow.readthedocs.io/en/master/generated/oneflow.one_embedding.make_cached_ssd_store_options.html
oneflow.one_embedding.make_cached_host_mem_store_options,https://oneflow.readthedocs.io/en/master/generated/oneflow.one_embedding.make_cached_host_mem_store_options.html
oneflow.one_embedding.MultiTableEmbedding.forward,https://oneflow.readthedocs.io/en/master/generated/oneflow.one_embedding.MultiTableEmbedding.forward.html
oneflow.one_embedding.MultiTableEmbedding.save_snapshot,https://oneflow.readthedocs.io/en/master/generated/oneflow.one_embedding.MultiTableEmbedding.save_snapshot.html
oneflow.one_embedding.MultiTableEmbedding.load_snapshot,https://oneflow.readthedocs.io/en/master/generated/oneflow.one_embedding.MultiTableEmbedding.load_snapshot.html
oneflow.one_embedding.MultiTableMultiColumnEmbedding.forward,https://oneflow.readthedocs.io/en/master/generated/oneflow.one_embedding.MultiTableMultiColumnEmbedding.forward.html
oneflow.one_embedding.MultiTableMultiColumnEmbedding.save_snapshot,https://oneflow.readthedocs.io/en/master/generated/oneflow.one_embedding.MultiTableMultiColumnEmbedding.save_snapshot.html
oneflow.one_embedding.MultiTableMultiColumnEmbedding.load_snapshot,https://oneflow.readthedocs.io/en/master/generated/oneflow.one_embedding.MultiTableMultiColumnEmbedding.load_snapshot.html
oneflow.one_embedding.make_persistent_table_reader,https://oneflow.readthedocs.io/en/master/generated/oneflow.one_embedding.make_persistent_table_reader.html
oneflow.one_embedding.make_persistent_table_writer,https://oneflow.readthedocs.io/en/master/generated/oneflow.one_embedding.make_persistent_table_writer.html
oneflow.special.digamma,https://oneflow.readthedocs.io/en/master/generated/oneflow.special.digamma.html
oneflow.special.erf,https://oneflow.readthedocs.io/en/master/generated/oneflow.special.erf.html
oneflow.special.erfc,https://oneflow.readthedocs.io/en/master/generated/oneflow.special.erfc.html
oneflow.special.erfinv,https://oneflow.readthedocs.io/en/master/generated/oneflow.special.erfinv.html
oneflow.special.exp2,https://oneflow.readthedocs.io/en/master/generated/oneflow.special.exp2.html
oneflow.special.expm1,https://oneflow.readthedocs.io/en/master/generated/oneflow.special.expm1.html
oneflow.special.log1p,https://oneflow.readthedocs.io/en/master/generated/oneflow.special.log1p.html
oneflow.special.log_softmax,https://oneflow.readthedocs.io/en/master/generated/oneflow.special.log_softmax.html
oneflow.special.logsumexp,https://oneflow.readthedocs.io/en/master/generated/oneflow.special.logsumexp.html
oneflow.special.round,https://oneflow.readthedocs.io/en/master/generated/oneflow.special.round.html
oneflow.special.softmax,https://oneflow.readthedocs.io/en/master/generated/oneflow.special.softmax.html
oneflow.special.zeta,https://oneflow.readthedocs.io/en/master/generated/oneflow.special.zeta.html
